지점,일시,0.5M 정시 습도(%),1.5M 정시 습도(%),4.0M 정시 습도(%),10CM 정시 토양수분(%),20CM 정시 토양수분(%),30CM 정시 토양수분(%),50CM 정시 토양수분(%),0.5M 정시 기온(°C),1.5M 정시 기온(°C),4.0M 정시 기온(°C),1.5M 정시 풍속(m/s),4.0M 정시 풍속(m/s),정시 지면온도(°C),5CM 정시 지중온도(°C),10CM 정시 지중온도(°C),20CM 정시 지중온도(°C),30CM 정시 지중온도(°C),정시 누적 순복사(MJ/m2),정시 누적 전천복사(MJ/m2),정시 누적 반사복사(MJ/m2)
974,2018-01-01 0:00,68.8,72.6,52.4,12,14.6,12.9,8.1,-6.1,-3.7,-2.6,0,0.4,-5.9,0.1,1.3,1.8,2.5,11.96,14.78,2.82
974,2018-01-01 1:00,59.3,62.3,51.4,12,14.6,12.9,8.1,-4.1,-2.8,-2,1.5,1.7,-5.9,-0.1,1.1,1.6,2.4,0.13,0.13,0
974,2018-01-01 2:00,62.6,68.1,56.5,11.9,14.6,12.9,8.1,-5.6,-4.3,-4.4,0,0.2,-6.6,-0.2,0.9,1.5,2.4,0.26,0.26,0
974,2018-01-01 3:00,71.3,74.7,60.3,11.9,14.6,12.9,8.1,-6.3,-5,-4.5,0.1,0.2,-6.9,-0.3,0.7,1.3,2.3,0.39,0.39,0
974,2018-01-01 4:00,72.1,80.4,65.9,11.9,14.6,12.9,8.1,-7.2,-4.8,-3.2,0.3,0.4,-7.3,-0.5,0.6,1.2,2.3,0.51,0.51,0
974,2018-01-01 5:00,52.1,54.5,45.7,11.9,14.6,12.9,8.1,-2.7,-1.2,-0.8,1.6,1.9,-6.5,-0.5,0.5,1.1,2.2,0.65,0.65,0
974,2018-01-01 6:00,58.6,63.1,49.8,11.8,14.6,12.9,8.1,-4.5,-2.9,-2.1,1.2,1.5,-7.2,-0.6,0.4,1.1,2.2,0.79,0.8,0.01
974,2018-01-01 7:00,71.9,79.8,60.6,11.8,14.6,12.9,8.1,-6.7,-5.3,-4.4,0.2,0.2,-7.9,-0.7,0.3,0.9,2.1,0.92,0.93,0.01
974,2018-01-01 8:00,72.1,79.5,66.8,11.7,14.6,12.9,8.1,-6.1,-5.4,-5.1,1.1,1.2,-7.5,-0.7,0.3,0.9,2.1,1.07,1.08,0.01
974,2018-01-01 9:00,63.1,73.1,65.4,11.7,14.6,12.9,8.1,-3.1,-3.1,-3.4,1.9,2.2,-3.7,-0.7,0.2,0.9,2.1,1.49,1.59,0.1
974,2018-01-01 10:00,47.4,55.6,53.5,11.6,14.6,12.9,8.1,1.3,0.9,0.3,2.2,2.3,2,-0.5,0.2,0.8,2.1,2.37,2.71,0.34
974,2018-01-01 11:00,29,34.7,31.4,11.6,14.6,12.9,8.1,4.3,3.9,3.7,3.1,3.7,8.2,-0.4,0.3,0.8,2.1,3.7,4.39,0.69
974,2018-01-01 12:00,18.2,22.6,19.4,11.6,14.6,12.9,8.1,5.8,5.2,4.8,3.9,4.4,12.7,-0.3,0.3,0.8,2,5.33,6.45,1.12
974,2018-01-01 13:00,16.6,21.5,18.8,11.6,14.6,12.9,8.1,6.9,6.2,5.7,2.2,2.5,15.7,-0.2,0.3,0.8,2,7.1,8.69,1.59
974,2018-01-01 14:00,18.5,23.9,20.5,11.6,14.6,12.9,8.1,7.2,6.5,6,4.2,4.7,14.1,0.1,0.2,0.7,1.9,8.76,10.8,2.04
974,2018-01-01 15:00,18.8,24.1,20.7,11.6,14.6,12.9,8.1,7.5,7,6.6,3.7,4.2,12,0.8,0.2,0.7,1.9,10.17,12.59,2.42
974,2018-01-01 16:00,20.7,26.2,22.2,11.6,14.6,12.9,8.1,6.9,6.7,6.5,3.1,3.5,7,1.6,0.5,0.8,1.9,11.17,13.87,2.7
974,2018-01-01 17:00,25.1,30.6,25.2,11.7,14.6,12.9,8.1,5.2,5.6,5.8,3,3.3,0.9,1.6,0.8,0.8,1.9,11.68,14.51,2.83
974,2018-01-01 18:00,30.3,36.3,30.1,11.7,14.6,12.9,8.1,3.5,4.1,4.2,3.2,3.9,-1.4,0.9,0.9,0.9,1.9,11.87,14.72,2.85
974,2018-01-01 19:00,40.8,45.7,34.2,11.7,14.6,12.9,8.1,-0.2,1,2.5,0.2,0.5,-3.1,0.5,0.9,1,1.9,12.01,14.89,2.88
974,2018-01-01 20:00,43.7,48.9,37.1,11.7,14.6,12.9,8.1,-0.6,0.6,1.7,0.5,0.8,-3.7,0.2,0.8,1,1.9,12.14,15.05,2.91
974,2018-01-01 21:00,59.3,66.2,44.5,11.7,14.6,12.9,8.1,-3.5,-2.4,-0.6,0.2,0.7,-5,0,0.8,1,1.9,12.26,15.19,2.93
974,2018-01-01 22:00,67.5,73.8,55.2,11.6,14.6,12.9,8.1,-5.8,-3.5,-2.4,0.3,0.5,-5.6,-0.2,0.6,1,1.9,12.4,15.33,2.93
974,2018-01-01 23:00,71.2,78.8,60.9,11.6,14.6,12.9,8.1,-6.1,-4.7,-3.9,0,0.5,-6.2,-0.3,0.5,0.9,1.9,12.53,15.46,2.93
974,2018-01-02 0:00,77.1,82,64.4,11.6,14.6,12.9,8.1,-7.3,-5.9,-4.4,0.2,0.2,-6.8,-0.4,0.4,0.8,1.8,12.66,15.59,2.93
974,2018-01-02 1:00,75.6,82,65.7,11.6,14.6,12.9,8.1,-7,-5.8,-5,0.2,0.4,-7.2,-0.5,0.4,0.8,1.9,0.12,0.12,0
974,2018-01-02 2:00,77.5,85.3,67.8,11.6,14.6,12.9,8.1,-7.9,-6.4,-5.5,0.4,0.5,-7.7,-0.6,0.2,0.8,1.8,0.24,0.24,0
974,2018-01-02 3:00,79.3,88.6,69.9,11.5,14.6,12.9,8.1,-7.8,-7,-6.6,0.3,0.3,-8,-0.6,0.1,0.7,1.8,0.36,0.36,0
974,2018-01-02 4:00,80.3,89,72.1,11.5,14.6,12.9,8.1,-8.7,-7.7,-6.6,0.2,0.4,-8.5,-0.7,0.1,0.7,1.8,0.48,0.48,0
974,2018-01-02 5:00,78.7,87.5,73.5,11.4,14.6,12.9,8.1,-9.3,-8,-7.1,0.3,0.5,-8.8,-0.8,0,0.6,1.8,0.57,0.57,0
974,2018-01-02 6:00,79.9,90.2,75.6,11.4,14.6,12.9,8.1,-9.3,-8,-7.5,0.1,0.3,-9,-1,-0.1,0.6,1.7,0.66,0.66,0
974,2018-01-02 7:00,81.7,92.2,76.7,11.3,14.6,12.9,8.1,-9,-8,-7.9,0,0.2,-9.3,-1.2,0,0.5,1.8,0.73,0.73,0
974,2018-01-02 8:00,80.2,90.5,77.9,11.2,14.6,12.9,8.1,-8.8,-7.9,-7.7,0,0.2,-8.6,-1.3,-0.1,0.4,1.7,0.79,0.79,0
974,2018-01-02 9:00,78.1,86.9,78.5,11.1,14.6,12.9,8.1,-5.9,-5.8,-5.3,0.1,0.2,-4.6,-1.1,-0.1,0.5,1.8,1.11,1.22,0.11
974,2018-01-02 10:00,68.4,76.5,70.3,11.1,14.6,12.9,8.1,-2.4,-2.5,-2.4,0.4,0.4,1.2,-0.9,0,0.5,1.8,1.86,2.17,0.31
974,2018-01-02 11:00,54.8,63.4,60.2,11,14.6,12.9,8.1,1,0.9,0.3,0.5,0.6,6.9,-0.7,0,0.5,1.7,3.03,3.64,0.61
974,2018-01-02 12:00,32.4,38.6,38.2,11,14.6,12.9,8.1,5.4,4.5,4.4,0.5,0.6,12.4,-0.6,-0.1,0.5,1.7,4.46,5.45,0.99
974,2018-01-02 13:00,22.4,28,25.4,10.9,14.6,12.9,8.1,7,6.4,6.1,2.4,2.5,14.7,-0.6,-0.1,0.5,1.6,6.01,7.41,1.4
974,2018-01-02 14:00,21.7,27.2,24.1,11,14.6,12.9,8.1,7.8,7.4,7.1,2.9,2.9,14,-0.3,0,0.5,1.7,7.47,9.26,1.79
974,2018-01-02 15:00,30.8,38.5,33.9,11,14.6,12.9,8.1,9.1,8.6,8.3,3.4,3.8,12,-0.1,-0.1,0.5,1.6,8.68,10.81,2.13
974,2018-01-02 16:00,34.6,42.2,37.4,11.1,14.6,12.9,8.1,8.3,8.2,8,2.9,3.2,6.5,-0.1,0,0.4,1.6,9.28,11.56,2.28
974,2018-01-02 17:00,41.4,49.3,42.9,11.1,14.6,12.9,8.1,6.8,7,6.9,3.1,3.9,2.8,-0.1,-0.1,0.4,1.6,9.61,11.96,2.35
974,2018-01-02 18:00,47.7,56,49.3,11.2,14.6,12.9,8.1,5.9,6.2,6.1,2.7,3.2,1.4,-0.2,0,0.4,1.6,9.71,12.06,2.35
974,2018-01-02 19:00,52.5,61,53.6,11.2,14.6,12.9,8.1,5.4,5.6,5.7,1.5,1.9,0.9,0.1,0,0.4,1.6,9.77,12.12,2.35
974,2018-01-02 20:00,51.2,58.9,50.7,11.3,14.6,12.9,8.1,4.8,5.4,5.6,2.1,2.4,0.3,0.2,0.1,0.5,1.6,9.85,12.2,2.35
974,2018-01-02 21:00,58.2,64.8,54.1,11.3,14.6,12.9,8.1,2.9,3.7,4.3,2.4,2.8,-1.4,0,0.2,0.5,1.5,9.96,12.33,2.37
974,2018-01-02 22:00,53.1,60.5,52.5,11.3,14.6,12.9,8.1,3.5,3.9,3.9,1.9,2.3,-1.6,0,0.2,0.5,1.5,10.11,12.48,2.37
974,2018-01-02 23:00,47.6,54.2,46.7,11.3,14.6,12.9,8.1,2.6,3.2,3.4,2.3,2.8,-1.9,0,0.3,0.6,1.7,10.26,12.64,2.38
974,2018-01-03 0:00,37.7,43.1,35.5,11.3,14.6,13,8.1,1.9,2.6,3,2.2,2.4,-2.6,-0.2,0.2,0.6,1.6,10.41,12.8,2.39
974,2018-01-03 1:00,40.2,42.8,35.4,11.4,14.6,13,8.1,1,2,2.2,0.2,0.2,-2.8,-0.2,0.3,0.6,1.6,0.11,0.12,0.01
974,2018-01-03 2:00,31.6,33.8,27.5,11.4,14.6,13,8.1,1.3,2.1,2.3,1.8,2.2,-3.1,-0.3,0.2,0.6,1.5,0.22,0.24,0.02
974,2018-01-03 3:00,27.3,29.2,23.6,11.4,14.6,13,8.1,0.4,1.5,1.7,0.5,0.7,-3.9,-0.3,0.2,0.6,1.6,0.33,0.36,0.03
974,2018-01-03 4:00,22.2,25.8,19.9,11.4,14.6,13,8.1,0.7,1.2,1.3,2.4,3,-3.5,-0.3,0.2,0.5,1.6,0.47,0.5,0.03
974,2018-01-03 5:00,23.8,28.9,23.3,11.4,14.6,13,8.1,0.1,0.4,0.6,2.6,3.2,-3.6,-0.3,0.2,0.6,1.6,0.62,0.65,0.03
974,2018-01-03 6:00,31.4,35.4,25.7,11.4,14.6,13,8.1,-2,-1.2,-0.5,0.2,0.7,-4.4,-0.3,0.1,0.5,1.5,0.74,0.77,0.03
974,2018-01-03 7:00,28.6,33.2,25.2,11.3,14.5,13,8.1,-2.1,-1.3,-0.6,1.4,1.8,-5.5,-0.4,0.1,0.5,1.5,0.86,0.9,0.04
974,2018-01-03 8:00,33.7,39.2,27.3,11.3,14.5,13,8.1,-3.3,-2.6,-1.7,0.5,0.6,-6.2,-0.5,0.1,0.6,1.6,1.02,1.07,0.05
974,2018-01-03 9:00,34.5,42.9,35.9,11.3,14.5,13,8.1,-0.1,-0.3,-0.7,1.5,1.7,-2.8,-0.4,0.1,0.6,1.7,1.48,1.62,0.14
974,2018-01-03 10:00,20.1,25.8,22.4,11.3,14.5,13,8.1,2.6,2.1,1.7,1.8,2,3.9,-0.3,0.1,0.6,1.6,2.42,2.81,0.39
974,2018-01-03 11:00,18.1,23.7,20.3,11.3,14.5,13,8.1,4.3,3.7,3.1,2.5,2.9,10.2,-0.2,0.1,0.6,1.7,3.82,4.57,0.75
974,2018-01-03 12:00,16.2,20.9,17.4,11.3,14.5,13,8.1,4.8,4.1,3.9,2.8,3.3,12,0.1,0.2,0.6,1.6,5.45,6.63,1.18
974,2018-01-03 13:00,14.7,19.8,17,11.3,14.5,13,8.1,5.9,5.1,4.7,2.8,3.3,17.1,0.8,0.2,0.6,1.5,7.26,8.93,1.67
974,2018-01-03 14:00,14.1,18.9,16.2,11.4,14.5,13,8.1,6.6,5.8,5.4,3.1,3.4,16,2.5,0.5,0.7,1.6,8.93,11.05,2.12
974,2018-01-03 15:00,13.5,18.1,15.2,11.4,14.5,13,8.1,7.1,6.4,6.1,2.2,2.5,14.2,4,1.2,0.8,1.6,10.34,12.83,2.49
974,2018-01-03 16:00,15.5,20,16.3,11.4,14.6,13,8.1,6.1,5.8,5.6,3.2,3.7,8.2,4.1,1.8,1.1,1.5,11.39,14.17,2.78
974,2018-01-03 17:00,19.8,24.7,19.5,11.4,14.6,13,8.1,3.9,4.3,4.6,2.4,2.8,1,3.2,2.1,1.3,1.6,11.92,14.84,2.92
974,2018-01-03 18:00,25.2,29.8,22.2,11.4,14.6,13,8.1,1.2,2.3,2.8,1.3,1.6,-3.4,2,2,1.6,1.7,12.09,15.05,2.96
974,2018-01-03 19:00,28,34,27.5,9.1,14.6,13,8.1,1.2,1.8,1.9,2.7,3.3,-2.6,1.1,1.7,1.6,1.8,12.25,15.23,2.98
974,2018-01-03 20:00,34.2,39.9,31.5,11.4,14.6,13,8.1,-1.1,0.1,0.6,1.4,1.7,-3.8,0.7,1.5,1.6,1.9,12.42,15.41,2.99
974,2018-01-03 21:00,35,40.8,32.2,11.4,14.6,13,8.2,-1.3,-0.3,0.2,1.4,1.7,-4,0.3,1.2,1.5,1.9,12.57,15.56,2.99
974,2018-01-03 22:00,37.6,42.9,33.9,11.4,14.5,13,8.2,-1.8,-0.9,-0.8,0.4,0.4,-5.1,0,1,1.5,2,12.71,15.72,3.01
974,2018-01-03 23:00,38.8,44.3,36.3,11.3,14.5,13,8.2,-1.7,-0.9,-0.7,0.7,0.8,-4.3,0,0.9,1.3,2,12.82,15.83,3.01
974,2018-01-04 0:00,38.1,44,35.8,11.3,14.5,13,8.2,-0.8,-0.4,-0.3,1.1,1.4,-3.1,-0.1,0.8,1.2,2,12.9,15.91,3.01
974,2018-01-04 1:00,37.9,44.4,36.4,11.3,14.5,13,8.2,-1,-0.5,-0.3,1.5,1.8,-3.1,-0.1,0.7,1.1,2,0.07,0.07,0
974,2018-01-04 2:00,36.4,43.3,35.7,11.3,14.5,13,8.2,-1,-0.6,-0.5,1.4,1.8,-3.2,-0.1,0.5,1.1,2,0.16,0.16,0
974,2018-01-04 3:00,36,42.7,34.7,11.3,14.5,13,8.2,-1.3,-0.9,-0.7,1.6,1.9,-3.1,-0.2,0.5,1,1.9,0.23,0.23,0
974,2018-01-04 4:00,30.3,36.8,30.2,11.3,14.5,13,8.2,-1,-0.6,-0.4,1.7,2.1,-3.2,-0.3,0.4,1,1.9,0.31,0.31,0
974,2018-01-04 5:00,40.2,46.5,37.1,11.3,14.5,13,8.2,-2.7,-2.2,-1.8,0.9,1.1,-4.2,-0.3,0.4,0.9,2,0.4,0.4,0
974,2018-01-04 6:00,40.5,47.9,39.1,11.3,14.5,13,8.2,-2.9,-2.5,-2.5,1.1,1.3,-4.8,-0.4,0.3,0.8,1.9,0.5,0.5,0
974,2018-01-04 7:00,41.4,48.8,40.4,11.3,14.5,13,8.2,-3.1,-2.6,-2.6,0.5,0.6,-4.4,-0.4,0.3,0.8,1.8,0.59,0.59,0
974,2018-01-04 8:00,44,51.2,42,11.3,14.5,13,8.2,-2.9,-2.6,-2.5,0.7,0.9,-3.4,-0.5,0.2,0.7,1.9,0.66,0.66,0
974,2018-01-04 9:00,39,47.4,39.1,11.2,14.5,13,8.2,-1.8,-1.7,-1.8,1.1,1.3,-0.9,-0.4,0.2,0.8,1.8,0.87,0.91,0.04
974,2018-01-04 10:00,34.4,43,37.9,11.2,14.5,13,8.2,0.1,-0.2,-0.9,1.1,1.2,1.9,-0.4,0.2,0.7,1.8,1.4,1.57,0.17
974,2018-01-04 11:00,29.3,37.8,34.4,11.2,14.5,13,8.2,1.5,0.8,0.4,1.5,1.7,6.3,-0.2,0.3,0.7,1.8,2.38,2.81,0.43
974,2018-01-04 12:00,25.4,33.8,30,11.2,14.5,13,8.2,3.5,2.6,2.3,1.7,1.8,14.3,0,0.3,0.7,1.8,3.82,4.63,0.81
974,2018-01-04 13:00,24.8,31.8,27.7,11.2,14.5,13,8.2,4.7,4,3.6,2.3,2.4,14.4,0.5,0.2,0.7,1.8,5.45,6.68,1.23
974,2018-01-04 14:00,22.6,29.4,25.8,11.3,14.5,13,8.2,5.4,4.8,4.4,2.2,2.4,12.9,1.7,0.5,0.7,1.7,6.72,8.29,1.57
974,2018-01-04 15:00,20.5,26.3,22.2,11.3,14.5,13,8.2,5.6,5.2,4.9,2.6,2.9,9.8,3.1,1.1,0.8,1.7,7.69,9.51,1.82
974,2018-01-04 16:00,17.3,22.2,18.6,11.3,14.5,13,8.2,5,4.8,4.5,2.2,2.6,5.8,3.3,1.6,1.1,1.7,8.18,10.12,1.94
974,2018-01-04 17:00,20.5,25.7,20.9,11.3,14.5,13,8.2,4.1,4.1,4,1.6,1.9,2.7,2.9,1.9,1.5,1.9,8.37,10.33,1.96
974,2018-01-04 18:00,26.3,31,24,11.3,14.5,13,8.2,3,3.3,3.5,0.4,0.6,0.8,2.4,1.9,1.6,1.9,8.44,10.4,1.96
974,2018-01-04 19:00,24.8,28,22.3,11.3,14.5,13,8.2,2.3,3.1,3.4,1,1.2,-0.3,1.7,1.9,1.8,2,8.5,10.46,1.96
974,2018-01-04 20:00,34.3,37.1,26.3,11.3,14.5,13,8.2,1.5,2.3,2.6,0,0.5,-0.5,1.4,1.7,1.8,2,8.55,10.51,1.96
974,2018-01-04 21:00,31.5,37.4,29.1,11.3,14.5,13,8.2,1.5,1.7,1.8,0.1,0.2,-0.9,1.1,1.5,1.7,2.2,8.6,10.56,1.96
974,2018-01-04 22:00,40.6,45.2,33.6,11.3,14.5,13,8.2,0.6,1.1,1.3,0.3,0.7,-1.3,0.8,1.4,1.7,2.1,8.65,10.61,1.96
974,2018-01-04 23:00,39.8,44.2,35.3,11.3,14.5,13,8.2,0.8,1.3,1.2,0.6,0.8,-1.4,0.6,1.3,1.6,2.2,8.69,10.65,1.96
974,2018-01-05 0:00,42.1,47.4,37.8,11.3,14.5,13,8.2,0.5,0.9,1.1,0,0.7,-1.5,0.5,1.2,1.6,2.2,8.72,10.68,1.96
974,2018-01-05 1:00,49.6,51.6,36.6,11.3,14.5,13,8.2,-0.1,0.6,0.8,0,0.1,-1.8,0.4,1.1,1.5,2.2,0.04,0.04,0
974,2018-01-05 2:00,52.7,57.9,43.1,11.3,14.5,13,8.2,0,0.5,0.8,0,0.4,-1.7,0.2,1,1.4,2.2,0.05,0.05,0
974,2018-01-05 3:00,47.3,53.7,41.1,11.3,14.5,13,8.2,0.1,0.3,0.6,0,0.3,-1.8,0.2,0.9,1.3,2.2,0.08,0.08,0
974,2018-01-05 4:00,50.2,55.6,43.6,11.3,14.5,13,8.2,-0.2,0.1,0.2,0.6,0.6,-1.6,0.1,0.8,1.3,2.2,0.08,0.08,0
974,2018-01-05 5:00,47.6,53.4,42.4,11.3,14.5,13,8.2,0.2,0.5,0.5,0.6,0.6,-1.5,0.1,0.8,1.2,2.2,0.08,0.08,0
974,2018-01-05 6:00,46.9,52.1,41.2,11.3,14.5,13,8.2,-0.3,0.1,0.1,0.6,0.7,-1.9,0,0.7,1.2,2.2,0.1,0.1,0
974,2018-01-05 7:00,44.3,49.3,39.8,11.3,14.5,13,8.2,-0.4,0,0.1,0.1,0.4,-1.9,0,0.6,1.1,2.1,0.11,0.11,0
974,2018-01-05 8:00,46.7,54,42.5,11.3,14.5,13,8.2,-0.2,0.1,0.4,1,1.2,-1.8,0,0.7,1.1,2.1,0.13,0.13,0
974,2018-01-05 9:00,42.4,51,44.8,11.3,14.5,13,8.2,0.9,0.9,0.8,0.1,0.1,0.4,0.1,0.6,1.1,2.1,0.3,0.33,0.03
974,2018-01-05 10:00,33.4,40.6,35.8,11.3,14.4,13,8.2,3.3,3,2.6,0.7,0.7,6.6,0.7,0.7,1.1,2.1,0.84,1.01,0.17
974,2018-01-05 11:00,22.1,28.2,24.1,11.3,14.4,13,8.2,4.1,3.7,3.6,2.7,3.1,9.8,2.1,0.9,1.1,2.1,1.93,2.4,0.47
974,2018-01-05 12:00,16.2,21.1,18.2,11.3,14.4,13,8.2,7.1,6.2,5.7,2.7,3,18,3.7,1.4,1.3,2.1,3.48,4.35,0.87
974,2018-01-05 13:00,12.5,16.2,13.3,11.4,14.5,13,8.2,8.2,7.3,6.9,3,3.4,19.9,5.2,2.3,1.6,2.1,5.24,6.58,1.34
974,2018-01-05 14:00,13.4,17.9,14.4,11.4,14.5,13,8.2,8.8,7.8,7.4,3.1,3.3,19.4,6.5,3.1,2,2.2,6.96,8.76,1.8
974,2018-01-05 15:00,17.1,22.4,19.3,11.4,14.5,13.1,8.2,7.8,7.2,6.8,4.3,4.6,15.1,6.9,3.8,2.6,2.3,8.4,10.59,2.19
974,2018-01-05 16:00,17.4,22.7,19.1,11.5,14.5,13.1,8.2,6.9,6.7,6.5,3.9,4.3,9.3,6.5,4.3,3,2.4,9.43,11.9,2.47
974,2018-01-05 17:00,20.6,26.1,21.5,11.4,14.5,13.1,8.2,5,5.2,5.2,4,4.6,2.8,5.4,4.4,3.3,2.5,9.97,12.57,2.6
974,2018-01-05 18:00,28.5,35.3,29.6,11.4,14.5,13.1,8.2,2.9,3.2,3.3,3.6,4.4,-0.2,4.1,4.1,3.4,2.7,10.18,12.79,2.61
974,2018-01-05 19:00,36.3,43.9,37.1,11.4,14.5,13.1,8.2,1.7,2.1,2.1,3.5,4.2,-1.6,2.9,3.7,3.4,2.9,10.35,12.96,2.61
974,2018-01-05 20:00,41.6,49.9,43.6,11.4,14.5,13.1,8.2,1.3,1.7,1.6,4.8,5.6,-1.9,2.2,3.2,3.2,2.9,10.53,13.14,2.61
974,2018-01-05 21:00,46,53.7,44.1,11.4,14.5,13.1,8.2,-0.6,0.4,1.1,1.4,1.7,-4.1,1.4,2.8,3,3,10.7,13.31,2.61
974,2018-01-05 22:00,45,52.3,44.8,11.3,14.5,13.1,8.2,-0.2,0.4,0.6,3.2,3.8,-3.3,1,2.3,2.8,3,10.85,13.47,2.62
974,2018-01-05 23:00,44.2,51.8,43.2,11.3,14.5,13.1,8.2,-0.3,0.2,0.5,2.3,2.7,-3.7,0.6,2.1,2.6,3,11.01,13.64,2.63
974,2018-01-06 0:00,46.4,54,45,11.3,14.5,13.1,8.2,-0.9,-0.3,0.2,1.8,2.3,-4.3,0.5,1.8,2.3,3,11.18,13.81,2.63
974,2018-01-06 1:00,47.7,55.5,46,11.3,14.5,13.1,8.2,-0.9,-0.3,0.2,1.6,2.2,-4.5,0.2,1.6,2.2,2.9,0.16,0.16,0
974,2018-01-06 2:00,46.8,53.5,45,11.3,14.5,13.1,8.2,-1,0,0.2,1.5,1.8,-4.8,0.1,1.3,2,2.9,0.32,0.32,0
974,2018-01-06 3:00,47.6,53.7,46.5,11.3,14.5,13.1,8.2,-0.7,0.1,0.2,2.1,2.6,-4.9,0,1.2,1.8,2.9,0.47,0.48,0.01
974,2018-01-06 4:00,45.8,52.8,44.6,11.3,14.5,13.1,8.2,-0.5,0.1,0.2,2.8,3.4,-4.6,-0.1,1.1,1.7,2.7,0.64,0.65,0.01
974,2018-01-06 5:00,47.8,54,44.6,11.3,14.4,13.1,8.2,-1.8,-0.7,-0.2,1.9,2.3,-5.4,-0.2,0.9,1.6,2.7,0.81,0.82,0.01
974,2018-01-06 6:00,48.7,54.3,44,11.2,14.4,13.1,8.2,-2.2,-1.2,-0.4,0.7,1,-6.6,-0.3,0.8,1.5,2.6,0.97,0.99,0.02
974,2018-01-06 7:00,43.5,49.5,40.5,11.2,14.4,13.1,8.2,-1.7,-1,-0.5,1.8,2.3,-6.3,-0.4,0.7,1.4,2.6,1.12,1.15,0.03
974,2018-01-06 8:00,39,44.6,37,11.1,14.4,13.1,8.2,-1.4,-0.7,-0.5,1.6,2,-6,-0.5,0.6,1.3,2.5,1.29,1.33,0.04
974,2018-01-06 9:00,34.8,42.2,37.1,11.1,14.4,13.1,8.2,0.4,0.4,0.1,1.8,2.1,-3.2,-0.4,0.6,1.2,2.5,1.7,1.82,0.12
974,2018-01-06 10:00,30.4,37.8,33.7,11.1,14.4,13.1,8.2,2.5,2.2,1.8,3,3.6,3.9,-0.3,0.6,1.2,2.5,2.63,2.99,0.36
974,2018-01-06 11:00,27.7,34.8,31.3,11.1,14.4,13.1,8.2,3.7,3.2,2.8,2.8,3.3,10.6,-0.1,0.6,1.1,2.4,4.01,4.74,0.73
974,2018-01-06 12:00,25,32.2,28.4,11.1,14.4,13.1,8.2,6.1,5.2,4.5,2.3,2.5,16.3,0.2,0.6,1.1,2.4,5.68,6.86,1.18
974,2018-01-06 13:00,20.5,27,24,11.1,14.4,13.1,8.2,7.1,6.2,5.9,2.3,2.7,18.8,1.3,0.6,1,2.3,7.48,9.14,1.66
974,2018-01-06 14:00,18.9,24.9,21.3,11.2,14.4,13.1,8.2,8.6,7.6,7.2,2.1,2.4,19.3,3.5,1.1,1.1,2.3,9.22,11.35,2.13
974,2018-01-06 15:00,17.6,23.3,19.7,11.2,14.4,13.1,8.2,9.2,8.3,7.8,2.2,2.4,17.5,5,1.9,1.3,2.2,10.72,13.25,2.53
974,2018-01-06 16:00,18,23.3,19.5,11.3,14.5,13.1,8.2,8.7,8.2,8,2.5,2.8,11.1,5.5,2.8,1.8,2.3,11.81,14.64,2.83
974,2018-01-06 17:00,22.6,28.2,22.1,11.3,14.5,13.1,8.2,6.1,6.5,6.9,2.1,2.5,2.8,4.9,3.2,2.2,2.3,12.39,15.38,2.99
974,2018-01-06 18:00,33.3,40.6,31,11.3,14.5,13.1,8.2,2.3,2.7,3.4,1.6,1.9,-1.7,3.4,3.2,2.6,2.5,12.54,15.58,3.04
974,2018-01-06 19:00,50.5,54.7,37.6,11.2,14.5,13.1,8.2,-1.5,-0.3,1,0.9,0.9,-4.2,2,2.8,2.5,2.5,12.65,15.73,3.08
974,2018-01-06 20:00,53.8,59.5,42.7,11.1,14.5,13.1,8.2,-2.9,-1.7,-0.2,0.5,0.9,-4.4,1.1,2.4,2.5,2.5,12.78,15.87,3.09
974,2018-01-06 21:00,61.9,67.9,51.1,11.1,14.5,13.1,8.2,-3.9,-2.6,-1.7,0.6,0.9,-4.9,0.7,2,2.3,2.6,12.91,16,3.09
974,2018-01-06 22:00,61.7,67.5,55.3,11.1,14.5,13.1,8.3,-5.7,-4.1,-3.2,0,0.2,-6,0.3,1.6,2.1,2.6,13.04,16.13,3.09
974,2018-01-06 23:00,69.6,77.2,60.3,11.1,14.4,13.1,8.3,-5.7,-4.7,-3.9,0.1,0.4,-6.6,0,1.4,1.9,2.7,13.16,16.25,3.09
974,2018-01-07 0:00,76,83.1,65.3,11.1,14.4,13.1,8.3,-6.8,-5.6,-4.6,0,0.1,-7.2,-0.2,1.1,1.8,2.6,13.28,16.37,3.09
974,2018-01-07 1:00,78,87.9,65.9,11.1,14.4,13.1,8.3,-7,-6.3,-5.2,0,0.2,-7.8,-0.3,0.9,1.6,2.6,0.11,0.11,0
974,2018-01-07 2:00,74.6,83.7,67.9,11,14.4,13.1,8.3,-8.2,-7.2,-6,0.1,0.3,-8.5,-0.5,0.8,1.5,2.5,0.23,0.23,0
974,2018-01-07 3:00,78.3,87.2,72,11,14.4,13.1,8.3,-8,-6.8,-6.2,0.1,0.2,-8.2,-0.6,0.6,1.3,2.5,0.35,0.35,0
974,2018-01-07 4:00,78.3,88.1,71.9,11,14.4,13.1,8.3,-8.5,-7.1,-6.7,0,0.1,-8.5,-0.7,0.5,1.2,2.5,0.46,0.46,0
974,2018-01-07 5:00,77.9,86.4,70.9,10.9,14.4,13.1,8.3,-9.5,-7.7,-7,0,0.6,-9.1,-0.9,0.4,1.1,2.4,0.57,0.57,0
974,2018-01-07 6:00,76.3,83.8,69.9,10.9,14.4,13.1,8.3,-8.3,-7.2,-6.9,0,0.2,-8.5,-0.9,0.3,1,2.3,0.65,0.65,0
974,2018-01-07 7:00,79.6,92,74.6,10.9,14.4,13.1,8.3,-7.9,-7,-6.8,0,0.3,-8.6,-1,0.1,0.9,2.2,0.72,0.72,0
974,2018-01-07 8:00,78,87.7,74.9,10.8,14.4,13.1,8.3,-6.9,-6.5,-6.7,0.6,0.7,-6.8,-1.1,0.1,0.9,2.2,0.79,0.79,0
974,2018-01-07 9:00,72.6,80.3,75.1,10.8,14.4,13,8.3,-5.1,-5,-5.1,0,0.4,-2.7,-1,0.1,0.8,2.1,0.99,1.05,0.06
974,2018-01-07 10:00,61.9,69.1,64.9,10.7,14.4,13,8.3,-2.4,-2.5,-2.8,0.6,0.6,0.4,-0.9,0.1,0.7,2.1,1.33,1.51,0.18
974,2018-01-07 11:00,54.7,63.2,56.2,10.7,14.4,13,8.3,-0.4,-0.6,-0.8,1.3,1.5,0.9,-0.8,0,0.8,2,1.7,2.01,0.31
974,2018-01-07 12:00,42.9,50.5,47,10.7,14.4,13,8.3,1.8,1.5,1.5,0.6,0.7,6,-0.7,0.2,0.7,2,2.2,2.66,0.46
974,2018-01-07 13:00,38.7,46.9,41.5,10.6,14.4,13,8.3,2.7,2.5,2.2,0.6,0.7,4,-0.7,0.1,0.8,2.1,2.72,3.32,0.6
974,2018-01-07 14:00,35,42.7,38,10.6,14.4,13,8.3,3.3,3,2.8,1.3,1.4,5.3,-0.6,0,0.7,1.9,3.18,3.89,0.71
974,2018-01-07 15:00,33,40.5,36.6,10.6,14.4,13,8.3,4.6,4.3,4.2,1.1,1.1,6.9,-0.5,0.1,0.6,2,3.71,4.56,0.85
974,2018-01-07 16:00,32.3,39.4,34.8,10.6,14.4,13,8.3,4.4,4.3,4.1,1.3,1.5,3.8,-0.4,0.2,0.6,1.9,4.26,5.25,0.99
974,2018-01-07 17:00,32.4,39.3,33.6,10.7,14.4,13,8.3,3.8,3.9,3.7,1.3,1.5,1.2,-0.5,0,0.5,1.8,4.44,5.45,1.01
974,2018-01-07 18:00,33.3,39.7,33.6,10.7,14.4,13,8.3,3.3,3.5,3.5,1,1.2,0.2,-0.5,0.1,0.6,1.9,4.44,5.45,1.01
974,2018-01-07 19:00,41.2,46.1,37.4,10.7,14.4,13,8.3,2.2,2.8,2.9,0.6,0.8,-0.8,-0.5,0.1,0.6,1.9,4.47,5.48,1.01
974,2018-01-07 20:00,39.5,46.7,39.4,10.7,14.4,13,8.3,2.7,2.8,2.9,0.3,0.4,-0.8,-0.6,0.1,0.6,1.9,4.48,5.49,1.01
974,2018-01-07 21:00,45.3,52.5,43.5,10.7,14.4,13,8.3,2.3,2.6,2.7,0.4,0.4,-0.4,-0.4,0,0.5,1.8,4.48,5.49,1.01
974,2018-01-07 22:00,52.8,58,44.1,10.8,14.4,13,8.3,2,2.3,2.6,0.7,1,-0.3,-0.4,0.1,0.6,1.8,4.48,5.49,1.01
974,2018-01-07 23:00,68.9,76,57.8,10.8,14.4,13,8.3,1.2,1.4,1.7,0.4,0.5,-0.4,-0.4,0.1,0.5,1.8,4.48,5.49,1.01
974,2018-01-08 0:00,76.5,85.5,69.7,10.8,14.4,13,8.3,0.8,0.9,1,0,0.1,-0.6,-0.4,0,0.6,1.8,4.48,5.49,1.01
974,2018-01-08 1:00,80.2,89.3,74.4,10.8,14.4,13,8.3,0.7,0.8,0.9,0.9,1.1,-0.8,-0.4,0,0.6,1.7,0,0,0
974,2018-01-08 2:00,81.9,92.7,76.7,10.8,14.4,13,8.3,0.2,0.4,0.6,0.5,0.7,-0.9,-0.4,0.1,0.6,1.7,0,0,0
974,2018-01-08 3:00,83.8,94.4,79.3,10.8,14.4,13,8.3,-0.4,-0.2,0.1,1,1.3,-1.1,-0.4,0.1,0.6,1.7,0.04,0.04,0
974,2018-01-08 4:00,83.1,91.2,85,10.8,14.4,13,8.3,0.2,0.5,0.4,0.3,0.4,-0.9,-0.4,0.2,0.6,1.7,0.04,0.04,0
974,2018-01-08 5:00,81.8,91.5,82.3,10.9,14.4,13,8.3,0.5,0.6,0.6,0.5,0.7,-0.8,-0.3,0.1,0.6,1.7,0.04,0.04,0
974,2018-01-08 6:00,79.6,88.5,78.4,10.9,14.3,13,8.3,0.9,1.1,1,0.5,0.6,-0.8,-0.3,0.3,0.7,1.7,0.04,0.04,0
974,2018-01-08 7:00,81.8,91.3,78.6,10.9,14.3,13,8.3,1,1.1,1.1,0.1,0.2,-0.8,-0.2,0.2,0.6,1.7,0.04,0.04,0
974,2018-01-08 8:00,84.1,94.4,84.1,10.9,14.3,13,8.3,1.2,1.3,1.2,0.2,0.3,-0.4,-0.1,0.3,0.7,1.7,0.04,0.04,0
974,2018-01-08 9:00,84.4,95.5,89.9,10.9,14.3,13,8.3,1.7,1.5,1.5,0.4,0.7,1.2,0.2,0.3,0.6,1.7,0.11,0.11,0
974,2018-01-08 10:00,83.6,94.8,91.8,11,14.3,13,8.3,2.4,2.2,2.2,0,0.1,2.8,0.6,0.5,0.7,1.7,0.23,0.24,0.01
974,2018-01-08 11:00,83.4,94.6,94.4,11.1,14.3,13,8.3,3.3,3.1,2.8,1,1.1,4,1.3,0.8,0.9,1.7,0.48,0.54,0.06
974,2018-01-08 12:00,85.5,96.5,99.3,11.1,14.3,13,8.3,3.4,3.2,2.9,1.3,1.5,4.7,2,1.1,0.9,1.7,0.79,0.92,0.13
974,2018-01-08 13:00,85.8,96.3,99.3,11.3,14.3,13,8.3,3.9,3.7,3.5,1.4,1.5,5.3,2.5,1.5,1.3,1.8,1.05,1.25,0.2
974,2018-01-08 14:00,85.9,96,99.2,11.3,14.4,13,8.3,3.9,3.7,3.4,1.1,1.2,5.2,3,1.9,1.4,1.8,1.3,1.56,0.26
974,2018-01-08 15:00,85.3,95.3,99.1,11.4,14.4,13,8.3,4.1,3.9,3.7,1,1.1,5.2,3.2,2.2,1.7,1.8,1.49,1.79,0.3
974,2018-01-08 16:00,85.1,95.2,99.2,11.5,14.4,13,8.3,3.9,3.8,3.6,1.3,1.5,4.2,3.4,2.4,1.9,2,1.66,1.99,0.33
974,2018-01-08 17:00,86,94.9,99.1,11.6,14.4,13.1,8.3,4.3,4.3,4.1,0.4,0.4,3.6,3.3,2.6,2.2,2.2,1.73,2.06,0.33
974,2018-01-08 18:00,86.8,96,99.1,11.7,14.4,13.1,8.3,3.7,3.8,3.9,1.2,1.3,2.5,3.3,2.8,2.4,2.2,1.74,2.07,0.33
974,2018-01-08 19:00,87,96.6,96.7,11.8,14.4,13.1,8.3,2.2,3.2,3.7,0.8,1,1.1,2.8,2.8,2.4,2.4,1.78,2.11,0.33
974,2018-01-08 20:00,89.9,98,98.6,11.8,14.4,13.1,8.3,2.2,2.8,3,0.7,0.8,0.8,2.4,2.7,2.5,2.5,1.82,2.15,0.33
974,2018-01-08 21:00,90.5,97.1,99.1,11.8,14.4,13.1,8.3,2.8,2.9,2.9,0.9,1,1.2,2.1,2.4,2.4,2.5,1.82,2.15,0.33
974,2018-01-08 22:00,77.9,84.5,81,11.8,14.4,13.1,8.3,3.3,3.5,3.7,0.9,1.1,1.2,2.1,2.3,2.3,2.6,1.82,2.15,0.33
974,2018-01-08 23:00,83.1,89.8,79.2,11.9,14.4,13.1,8.3,1,1.9,2.9,0.4,0.6,-0.3,1.9,2.2,2.4,2.6,1.86,2.19,0.33
974,2018-01-09 0:00,67.2,72.4,63,11.9,14.4,13.1,8.3,1.9,2.4,2.7,1.3,1.4,-0.8,1.5,2.1,2.3,2.6,1.93,2.26,0.33
974,2018-01-09 1:00,61.9,64.7,57.4,11.9,14.4,13.1,8.3,1.3,2,2.1,1.2,1.2,-0.9,1.3,2,2.2,2.7,0.1,0.1,0
974,2018-01-09 2:00,52.5,54.2,45.8,11.9,14.4,13.1,8.3,1.2,2,2.3,1.9,2.2,-1.1,0.8,1.7,2.1,2.6,0.24,0.24,0
974,2018-01-09 3:00,60.7,65.2,54.5,11.9,14.4,13.1,8.3,0.6,1.2,1.3,1.6,1.9,-1.1,0.7,1.6,2,2.6,0.34,0.34,0
974,2018-01-09 4:00,53.2,58.1,51,11.9,14.4,13.1,8.3,0.8,1.2,1.1,3.5,4,-1.2,0.5,1.4,1.9,2.6,0.4,0.4,0
974,2018-01-09 5:00,50.6,55.2,46.6,11.9,14.4,13.1,8.3,-0.1,0.4,0.5,2.7,3.1,-1.7,0.4,1.3,1.8,2.6,0.51,0.51,0
974,2018-01-09 6:00,42.7,46.5,39.6,11.9,14.4,13.1,8.3,0,0.5,0.6,2.5,2.8,-2.3,0.3,1.2,1.7,2.5,0.63,0.63,0
974,2018-01-09 7:00,47.5,51.7,42.9,11.9,14.4,13.1,8.3,-1.3,-0.3,0,1.3,1.5,-3.2,0.2,1.1,1.6,2.5,0.75,0.75,0
974,2018-01-09 8:00,47.6,53.1,44,11.9,14.4,13.1,8.3,-0.5,-0.1,0,2.7,3.1,-2.8,0,1,1.5,2.4,0.89,0.89,0
974,2018-01-09 9:00,48.7,55.2,47.7,11.9,14.4,13.1,8.3,0.3,0.6,0.5,3,3.4,-1,0.1,0.8,1.4,2.4,1.22,1.29,0.07
974,2018-01-09 10:00,46.1,52.3,45.8,11.9,14.4,13.1,8.3,0.6,0.8,0.6,5.5,6,-0.3,0.1,0.8,1.3,2.4,1.8,2,0.2
974,2018-01-09 11:00,42,47.8,41.2,11.9,14.4,13.1,8.3,1.1,1.2,1.1,5.5,6.4,-0.4,0.2,0.7,1.3,2.4,2.59,2.98,0.39
974,2018-01-09 12:00,39.6,45.7,40.1,11.9,14.4,13.1,8.3,1.5,1.5,1.4,5,5.5,1.1,0.3,0.8,1.3,2.4,3.33,3.87,0.54
974,2018-01-09 13:00,37,43.5,38.2,11.9,14.4,13.1,8.3,3.2,2.7,2.4,4.4,5.1,8.6,1.2,0.8,1.3,2.4,5.17,6.21,1.04
974,2018-01-09 14:00,37.2,44.1,38.7,11.9,14.4,13.1,8.3,3.7,3.2,2.9,4.5,5.1,9.6,2.5,1.2,1.3,2.3,6.83,8.3,1.47
974,2018-01-09 15:00,36,43,37.8,11.9,14.4,13.1,8.3,3.4,3.3,2.9,5,5.7,5.4,3.4,1.8,1.5,2.3,0.27,0.34,0.07
974,2018-01-09 16:00,35.7,42.5,37,12,14.4,13.1,8.3,2.5,2.5,2.3,5.2,5.9,2.2,3.2,2.2,1.7,2.3,0.63,0.79,0.16
974,2018-01-09 17:00,40.6,48,41.8,12,14.4,13.1,8.3,1.3,1.5,1.5,5.1,5.7,-1.1,2.6,2.3,2,2.3,1.16,1.45,0.29
974,2018-01-09 18:00,45,52.4,44.8,12,14.4,13.1,8.3,0.2,0.6,0.8,3.2,3.6,-1.4,1.7,2.2,2,2.3,1.36,1.66,0.3
974,2018-01-09 19:00,47.4,54.2,46.3,11.9,14.5,13.1,8.3,-0.4,0.3,0.4,2.3,2.8,-2.1,1,1.7,2,2.4,1.54,1.84,0.3
974,2018-01-09 20:00,67.6,74.8,56.6,11.9,14.5,13.1,8.3,-4.8,-3.5,-2.2,0.6,0.7,-3.1,0.7,1.6,1.8,2.5,1.69,1.99,0.3
974,2018-01-09 21:00,74.6,82.3,64.3,11.9,14.5,13.1,8.3,-5.9,-4.7,-3.8,0,0.6,-3.9,0.3,1.4,1.7,2.3,1.83,2.13,0.3
974,2018-01-09 22:00,78,87.4,69.7,11.9,14.5,13.1,8.3,-6.1,-4.9,-4.6,0.3,0.2,-4.5,0,1.1,1.7,2.5,1.96,2.26,0.3
974,2018-01-09 23:00,78.1,86.9,70.8,11.9,14.4,13.1,8.3,-7.3,-6,-5,0.4,0.6,-5,-0.1,1,1.5,2.3,2.09,2.39,0.3
974,2018-01-10 0:00,80.1,88.2,74,11.8,14.4,13.1,8.3,-5.7,-5.2,-5.1,0.5,0.4,-4.6,-0.2,0.8,1.4,2.3,2.19,2.49,0.3
974,2018-01-10 1:00,75.3,83.7,71.7,11.8,14.4,13.1,8.3,-4.2,-3.4,-3.2,2.5,3,-5.1,-0.3,0.7,1.3,2.3,0.1,0.1,0
974,2018-01-10 2:00,69.3,77.7,66.8,11.8,14.4,13.1,8.3,-2.8,-2.5,-2.3,2.6,3.1,-3.9,-0.4,0.6,1.2,2.3,0.23,0.23,0
974,2018-01-10 3:00,77.9,88.3,72.4,11.8,14.4,13.1,8.3,-5.3,-4.4,-3.8,0,0.4,-5.7,-0.4,0.5,1.1,2.2,0.35,0.35,0
974,2018-01-10 4:00,71.6,80.7,67.9,11.7,14.4,13.1,8.3,-4.1,-3.5,-2.3,1.1,1.3,-5.5,-0.5,0.4,1.1,2.2,0.49,0.49,0
974,2018-01-10 5:00,78.3,87.6,74.8,11.7,14.4,13.1,8.3,-4.7,-4.2,-4,0.7,0.7,-5.1,-0.6,0.3,0.9,2.2,0.59,0.59,0
974,2018-01-10 6:00,80.8,91.4,76,11.6,14.4,13.1,8.3,-5.3,-4.4,-4.5,0,0.4,-5.4,-0.6,0.3,0.9,2.1,0.69,0.69,0
974,2018-01-10 7:00,82.6,92.4,78.5,11.6,14.4,13.1,8.3,-5.9,-4.8,-4.5,0.3,0.6,-5.6,-0.7,0.3,0.8,2,0.78,0.78,0
974,2018-01-10 8:00,82.5,92.7,80.3,11.6,14.4,13.1,8.3,-4.8,-4.4,-4.5,1.4,1.5,-5.3,-0.6,0.2,0.8,2.1,0.91,0.91,0
974,2018-01-10 9:00,82.4,93.1,90.6,11.5,14.4,13,8.3,-2.8,-2.5,-2.5,0.3,0.4,-2.6,-0.6,0.2,0.7,2,0.97,1.01,0.04
974,2018-01-10 10:00,67.1,74.4,67.7,11.4,14.4,13,8.3,-1.5,-1.5,-1.6,2.6,3,-1.4,-0.6,0.1,0.7,1.9,1.14,1.3,0.16
974,2018-01-10 11:00,58.3,65.5,57.3,11.4,14.5,13,8.3,-1.9,-1.8,-1.9,4,4.5,-1.1,-0.5,0.1,0.7,1.9,1.42,1.7,0.28
974,2018-01-10 12:00,53.2,60.4,52.2,11.4,14.5,13,8.3,-0.8,-0.9,-1.2,2.7,3.2,-0.7,-0.6,0.1,0.7,1.9,1.93,2.37,0.44
974,2018-01-10 13:00,44.5,50.9,44.9,11.4,14.5,13.1,8.3,0.1,-0.3,-0.6,5.4,5.8,1.6,-0.5,0.1,0.7,1.9,2.78,3.46,0.68
974,2018-01-10 14:00,39.4,47,42.4,11.3,14.5,13.1,8.3,0.9,0.3,-0.1,4,4.6,3.9,-0.3,0.2,0.6,1.9,4.47,5.62,1.15
974,2018-01-10 15:00,38.7,46.6,41.8,11.3,14.5,13.1,8.3,0.8,0.3,-0.4,4.1,4.5,2.6,-0.4,0.2,0.6,1.9,5.77,7.29,1.52
974,2018-01-10 16:00,34.7,41,35,11.3,14.5,13.1,8.3,-0.9,-0.9,-0.9,4.4,4.7,-1.2,-0.5,0.1,0.6,1.8,6.59,8.32,1.73
974,2018-01-10 17:00,38.8,46.1,39.8,11.3,14.5,13.1,8.3,-2,-1.8,-1.8,4,4.5,-1.6,-0.5,0.1,0.6,1.8,7.14,9.02,1.88
974,2018-01-10 18:00,37.5,43.9,36.8,11.3,14.5,13.1,8.3,-3.4,-2.8,-2.7,3.5,4,-3.3,-0.6,0,0.6,1.8,7.36,9.24,1.88
974,2018-01-10 19:00,44.5,51.3,41.8,11.3,14.5,13.1,8.3,-4.5,-3.7,-3.4,1.9,2.1,-4.4,-0.5,0.1,0.6,1.7,7.54,9.42,1.88
974,2018-01-10 20:00,46.4,53.8,46,11.3,14.5,13.1,8.3,-4.3,-3.8,-3.6,3,3.3,-5,-0.5,0.1,0.6,1.7,7.7,9.58,1.88
974,2018-01-10 21:00,62.4,72.1,59.4,11.3,14.5,13.1,8.3,-5.4,-4.9,-4.7,0.9,1,-5.2,-0.6,0,0.6,1.7,7.83,9.71,1.88
974,2018-01-10 22:00,65.1,73.3,60.9,11.2,14.5,13.1,8.3,-6,-5.4,-5.1,1.5,1.7,-6.2,-0.6,0.1,0.5,1.7,7.95,9.83,1.88
974,2018-01-10 23:00,64.9,73,59.1,11.2,14.4,13,8.3,-7.1,-6.2,-5.6,0.6,0.9,-6.9,-0.8,-0.1,0.5,1.7,8.09,9.97,1.88
974,2018-01-11 0:00,67.7,72.2,59.2,11.1,14.4,13,8.3,-8.6,-6.7,-6.1,0.3,0.4,-8.1,-0.9,0,0.5,1.6,8.23,10.11,1.88
974,2018-01-11 1:00,71.5,79.9,64.2,11.1,14.4,13,8.3,-10.1,-8.7,-7.7,0,0.4,-8.9,-1,0,0.4,1.7,0.13,0.13,0
974,2018-01-11 2:00,75.5,84.4,68.5,11,14.4,13,8.3,-9.6,-8.6,-7.8,0.2,0.6,-9.3,-1.2,0,0.4,1.6,0.27,0.27,0
974,2018-01-11 3:00,75,81.8,63.8,10.9,14.4,13,8.3,-10.5,-9.5,-8,0,0.4,-9.7,-1.5,-0.3,0.4,1.6,0.41,0.41,0
974,2018-01-11 4:00,71.5,82.4,64.3,10.8,14.4,13,8.3,-10.6,-9.5,-8.9,0.8,0.8,-9.5,-1.6,-0.1,0.3,1.6,0.55,0.55,0
974,2018-01-11 5:00,69.2,73.7,63,10.6,14.4,13,8.3,-10.2,-8.8,-8.2,1.1,1.1,-10.1,-1.9,-0.2,0.3,1.6,0.69,0.69,0
974,2018-01-11 6:00,54.1,60.3,52.1,10.5,14.4,13,8.3,-8,-7.4,-7.3,3.5,4.2,-9.2,-1.9,-0.3,0.3,1.4,0.86,0.86,0
974,2018-01-11 7:00,53,60.1,52.3,10.3,14.4,13,8.3,-8.3,-7.8,-7.6,3,3.6,-9.4,-2,-0.3,0.3,1.5,1.03,1.03,0
974,2018-01-11 8:00,50.5,57.4,49.2,10,14.4,13,8.3,-8.3,-7.8,-7.6,2.1,2.6,-9.4,-2.3,-0.4,0.2,1.4,1.2,1.2,0
974,2018-01-11 9:00,46.1,52.6,45.7,9.8,14.4,13,8.3,-6.6,-6.6,-6.8,3,3.6,-6.9,-2.3,-0.5,0.2,1.5,1.66,1.76,0.1
974,2018-01-11 10:00,41.9,49.3,43.2,9.5,14.4,13,8.3,-5.1,-5.4,-5.7,2.4,2.8,-1.4,-1.9,-0.3,0.3,1.5,2.6,2.94,0.34
974,2018-01-11 11:00,35.8,43.2,37.6,9.4,14.4,13,8.3,-3.6,-4.1,-4.5,3.8,4.2,0.6,-1.3,-0.4,0.2,1.5,3.94,4.65,0.71
974,2018-01-11 12:00,34.2,41.8,36.8,9.3,14.4,13,8.3,-2.9,-3.3,-3.8,4,4.6,0.9,-1,-0.4,0.1,1.4,5.23,6.27,1.04
974,2018-01-11 13:00,31,38.1,33.9,9.3,14.4,13,8.3,-2,-2.5,-3.1,5.5,6.1,3.7,-0.9,-0.4,0.2,1.4,6.97,8.49,1.52
974,2018-01-11 14:00,28.5,35.9,31.7,9.3,14.4,13,8.3,-1.8,-2.2,-2.6,6.5,7.3,3.6,-0.7,-0.4,0.1,1.3,8.74,10.75,2.01
974,2018-01-11 15:00,28.7,35.9,31,9.4,14.4,13,8.3,-2.1,-2.4,-2.7,5.1,5.8,2.3,-0.7,-0.4,0.1,1.3,10.25,12.69,2.44
974,2018-01-11 16:00,28.6,35.6,30.7,9.4,14.4,13,8.3,-2.5,-2.6,-2.8,5.7,6.2,-0.8,-0.7,-0.6,0.1,1.3,11.36,14.12,2.76
974,2018-01-11 17:00,34.6,42.2,35.3,9.4,14.4,13,8.3,-3.8,-3.5,-3.5,2.6,2.9,-2.1,-0.7,-0.4,0.1,1.2,11.98,14.9,2.92
974,2018-01-11 18:00,41.6,48.7,39.1,9.4,14.3,13,8.3,-6,-5.2,-4.8,1.8,2,-4.3,-0.8,-0.5,0,1.3,12.22,15.15,2.93
974,2018-01-11 19:00,45.1,51.9,41.4,9.4,14.3,13,8.3,-6.7,-5.8,-5.4,1.7,2,-5.8,-1,-0.3,0,1.3,12.39,15.32,2.93
974,2018-01-11 20:00,40.2,47.2,39.7,9.4,14.3,13,8.3,-6.4,-5.8,-5.7,3.2,3.6,-6.6,-1,-0.4,0.1,1.3,12.57,15.5,2.93
974,2018-01-11 21:00,45.7,53.5,43.5,9.3,14.3,13,8.3,-7.5,-6.8,-6.5,1.4,1.7,-7.6,-1.4,-0.4,0.1,1.3,12.75,15.68,2.93
974,2018-01-11 22:00,58.6,64.9,49.6,9.1,14.3,13,8.3,-10,-8.8,-8,0.6,0.9,-9.4,-1.8,-0.5,0,1.1,12.91,15.84,2.93
974,2018-01-11 23:00,59.3,65.3,52.4,8.8,14.3,13,8.3,-9.7,-8.6,-8.3,0.5,0.9,-10.2,-2.2,-0.5,0.1,1.2,13.07,16,2.93
974,2018-01-12 0:00,48.9,56,46.9,8.5,14.3,13,8.3,-8.2,-7.6,-7.4,2.2,2.8,-9.8,-2.4,-0.5,0,1.2,13.23,16.16,2.93
974,2018-01-12 1:00,45.7,53.2,45.4,8.1,14.3,13,8.3,-8.1,-7.6,-7.5,2.7,3.4,-9.7,-2.7,-0.6,0,1.2,0.17,0.17,0
974,2018-01-12 2:00,46.2,53.4,43.9,7.8,14.3,13,8.3,-8.4,-7.8,-7.8,2.5,2.7,-10.5,-2.9,-0.7,0,1.1,0.34,0.34,0
974,2018-01-12 3:00,50.4,58,45.6,7.4,14.3,13,8.3,-10.2,-9.1,-8.3,0.6,0.8,-11.2,-3.1,-0.7,-0.1,1.2,0.5,0.5,0
974,2018-01-12 4:00,52.4,60.7,48.9,7.1,14.3,13,8.3,-9.8,-9,-8.5,0.6,0.7,-11.8,-3.5,-0.8,-0.2,1.2,0.66,0.66,0
974,2018-01-12 5:00,58,62.4,49.5,6.7,14.3,13,8.3,-11.4,-9.6,-9,0.9,0.9,-12.2,-3.9,-0.8,-0.3,1.2,0.81,0.81,0
974,2018-01-12 6:00,55.6,62.3,51.5,6.3,14.2,13,8.3,-10.4,-9.4,-9.2,0.5,0.4,-12.4,-4.2,-1,-0.4,1.1,0.96,0.96,0
974,2018-01-12 7:00,54.2,62.6,52.2,5.9,14.2,13,8.3,-10.2,-9.4,-8.9,0.3,0.5,-12.5,-4.4,-1,-0.3,1,1.12,1.12,0
974,2018-01-12 8:00,52.5,60.4,51.4,5.6,14.2,13,8.3,-8.8,-8.3,-8.2,2.1,2.6,-11.1,-4.5,-1.2,-0.3,0.9,1.29,1.29,0
974,2018-01-12 9:00,47,54.4,47.5,5.3,14.2,13,8.3,-6.8,-6.7,-6.8,3,3.7,-8.1,-4.1,-1.3,-0.4,0.9,1.75,1.85,0.1
974,2018-01-12 10:00,39.8,47.1,41.2,5.1,14.1,13,8.3,-4.8,-5.1,-5.4,4,4.5,-2,-3.4,-1.3,-0.5,1,2.71,3.06,0.35
974,2018-01-12 11:00,33.8,41.3,36,5,14.1,13,8.3,-3.8,-4.2,-4.5,4.5,4.9,0.7,-2.3,-1.3,-0.4,1,4.12,4.85,0.73
974,2018-01-12 12:00,28.7,36.4,32.2,5.1,14.1,13,8.3,-2.5,-3,-3.4,4.8,5.4,3.4,-1.6,-1.2,-0.4,0.9,5.84,7.04,1.2
974,2018-01-12 13:00,26.4,34.1,30.3,5.2,14.1,13,8.3,-1,-1.7,-2.2,3.7,4.1,6.1,-1.2,-1,-0.3,0.9,7.68,9.38,1.7
974,2018-01-12 14:00,24.6,31.9,27.4,5.3,14.1,13,8.3,-0.9,-1.5,-2.2,3.7,4.2,6.1,-0.9,-0.9,-0.4,0.9,9.47,11.66,2.19
974,2018-01-12 15:00,21.7,28.2,23.9,5.5,14.1,13,8.3,-0.8,-1.2,-1.5,4.1,4.4,4.2,-0.9,-1,-0.4,0.8,11.01,13.64,2.63
974,2018-01-12 16:00,22.5,28.7,24.1,5.6,14.1,13,8.3,-1.3,-1.5,-1.6,4.5,5,0.6,-1,-0.9,-0.4,0.9,12.16,15.11,2.95
974,2018-01-12 17:00,25.2,31.3,25.7,5.7,14,13,8.3,-2.5,-2.3,-2.2,3.4,3.9,-2,-0.9,-0.9,-0.4,0.8,12.83,15.95,3.12
974,2018-01-12 18:00,28,34.2,27.9,5.8,14,13,8.3,-3.9,-3.4,-3.3,3.8,4.5,-3.9,-0.8,-0.9,-0.4,0.8,13.06,16.2,3.14
974,2018-01-12 19:00,30.3,35.9,29,5.9,14,13,8.3,-5.2,-4.4,-4.1,1.7,2,-5.3,-1,-0.9,-0.4,0.8,13.25,16.39,3.14
974,2018-01-12 20:00,46,45.4,30.3,5.9,13.9,13,8.3,-8.3,-6.4,-5,0.2,0.4,-7.2,-1.1,-0.9,-0.4,0.7,13.41,16.56,3.15
974,2018-01-12 21:00,34.7,39.6,32.1,5.8,13.9,13,8.3,-5.9,-5.1,-4.8,2.2,2.6,-7.1,-1.5,-0.8,-0.4,0.9,13.56,16.71,3.15
974,2018-01-12 22:00,48.6,54.2,41.3,5.7,13.9,13,8.3,-7.2,-6.3,-6.2,1.3,1.6,-8.2,-2,-0.8,-0.4,0.8,13.7,16.85,3.15
974,2018-01-12 23:00,58.8,66.3,48.2,5.5,13.9,13,8.3,-10.4,-9.2,-8.2,0.3,0.5,-9.2,-2.4,-0.9,-0.4,0.7,13.84,16.99,3.15
974,2018-01-13 0:00,68.7,74.2,54.8,5.3,13.9,13,8.3,-11.1,-10,-9.2,0,0.3,-10.1,-2.9,-1.1,-0.4,0.7,13.97,17.12,3.15
974,2018-01-13 1:00,69.5,72.8,57.9,5.1,13.9,13,8.3,-12.1,-10.2,-9.7,0,0.2,-10.9,-3.4,-1.2,-0.4,0.7,0.11,0.11,0
974,2018-01-13 2:00,70.7,77.5,59.8,4.8,13.8,13,8.3,-12,-10.7,-10.4,0.2,0.4,-11.3,-3.8,-1.3,-0.4,0.7,0.23,0.23,0
974,2018-01-13 3:00,73.4,81.3,64.1,4.6,13.8,13,8.3,-12.7,-11.1,-10.9,0.1,0.2,-11.6,-4.1,-1.4,-0.6,0.7,0.35,0.35,0
974,2018-01-13 4:00,73.3,82,65.9,4.4,13.8,13,8.3,-12.4,-11.5,-11.3,0,0.4,-11.8,-4.5,-1.7,-0.6,0.7,0.46,0.46,0
974,2018-01-13 5:00,75,85.4,68,4.2,13.8,13,8.3,-13.2,-12.2,-11.8,0,0.2,-12.1,-4.7,-1.9,-0.6,0.6,0.57,0.57,0
974,2018-01-13 6:00,74.5,85.2,69.3,4.1,13.7,12.9,8.3,-13.3,-12,-11.6,0,0.2,-12.2,-4.9,-2,-0.7,0.6,0.68,0.68,0
974,2018-01-13 7:00,72.3,82.7,70.7,3.9,13.7,12.9,8.3,-11.6,-11.2,-11.4,0,0.1,-10.3,-4.8,-2.2,-0.8,0.6,0.74,0.74,0
974,2018-01-13 8:00,72.9,84.1,72,3.9,13.6,12.9,8.3,-10.3,-10.1,-10.2,0,0.1,-8.9,-4.6,-2.3,-0.8,0.6,0.77,0.77,0
974,2018-01-13 9:00,62,71.1,68.6,3.8,13.6,12.9,8.3,-8.2,-8.2,-7.9,0.2,0.1,-6.1,-4.1,-2.2,-0.9,0.6,1.12,1.19,0.07
974,2018-01-13 10:00,50.1,58.7,55.1,3.9,13.4,12.9,8.3,-4.4,-4.6,-5.2,0.5,0.5,-0.9,-3.3,-2.1,-0.8,0.6,2.02,2.31,0.29
974,2018-01-13 11:00,41.2,49.7,46.3,3.9,13.4,12.9,8.3,-1,-1.7,-1.8,0.6,0.7,2.8,-2.3,-1.9,-0.8,0.6,3.24,3.87,0.63
974,2018-01-13 12:00,39.6,50.1,46.9,4.1,13.3,12.9,8.3,1.8,1,0.5,1.7,1.7,6.7,-1.4,-1.6,-0.8,0.6,4.77,5.81,1.04
974,2018-01-13 13:00,33.1,41.6,38.1,4.2,13.3,12.9,8.3,3.6,2.8,2.7,2.3,2.5,10,-1.1,-1.5,-0.7,0.6,6.46,7.95,1.49
974,2018-01-13 14:00,29.4,37.4,33.4,4.4,13.3,12.9,8.3,4.6,4.1,4,1.9,2,10.7,-0.8,-1.3,-0.8,0.5,8.11,10.04,1.93
974,2018-01-13 15:00,30.8,38.7,34.7,4.5,13.2,12.9,8.3,5.6,5.1,4.8,4,4.7,7.5,-0.7,-1.1,-0.8,0.5,9.4,11.68,2.28
974,2018-01-13 16:00,33.7,41.6,36.7,4.7,13.2,12.9,8.3,4.5,4.3,4.1,3.5,4,3.7,-0.6,-1,-0.7,0.5,10.42,12.99,2.57
974,2018-01-13 17:00,37.4,45.2,38.8,4.8,13.2,12.9,8.3,3.3,3.6,3.7,2.4,2.8,-0.3,-0.6,-1,-0.7,0.5,10.98,13.69,2.71
974,2018-01-13 18:00,44.9,51.5,42.1,4.9,13.2,12.9,8.3,0.9,2,2.1,0.1,0,-2.4,-0.6,-0.9,-0.6,0.4,11.17,13.91,2.74
974,2018-01-13 19:00,61.3,68.8,52.6,5,13.1,12.9,8.3,-3.8,-2.8,-1,0.8,1.2,-3.6,-0.7,-1.1,-0.8,0.5,11.31,14.06,2.75
974,2018-01-13 20:00,70.5,79.6,60.6,5.1,13.1,12.9,8.3,-5.1,-4.2,-3.3,1,1.1,-4.4,-0.8,-1,-0.7,0.5,11.44,14.19,2.75
974,2018-01-13 21:00,72.3,81.2,66.3,5.1,13.1,12.9,8.3,-5.3,-4.5,-3.7,0.5,0.7,-5.2,-0.8,-0.9,-0.6,0.5,11.57,14.32,2.75
974,2018-01-13 22:00,77.4,87.1,68.7,5.2,13.1,12.9,8.3,-6.6,-5.8,-4.8,0.1,0.1,-5.9,-0.9,-0.9,-0.6,0.3,11.7,14.45,2.75
974,2018-01-13 23:00,79.8,88.9,71.4,5.3,13.1,12.9,8.3,-7.4,-6.6,-5.7,0.4,0.5,-6.5,-0.8,-1,-0.7,0.5,11.82,14.57,2.75
974,2018-01-14 0:00,78.6,86.4,70.7,5.3,13.1,12.9,8.3,-8.1,-7.3,-5.9,0.5,0.9,-7.1,-1.2,-0.9,-0.7,0.5,11.93,14.68,2.75
974,2018-01-14 1:00,79.7,91.2,76.2,5.2,13.1,12.9,8.3,-8.2,-6.8,-6.3,0.5,0.5,-7.5,-1.4,-0.9,-0.7,0.4,0.12,0.12,0
974,2018-01-14 2:00,81.3,91.2,75.4,5.1,13.1,12.9,8.3,-9,-7.8,-7,0,0.4,-8.2,-1.8,-0.9,-0.7,0.5,0.23,0.23,0
974,2018-01-14 3:00,80.8,91.7,77.2,4.9,13.1,12.9,8.3,-9.5,-8.1,-7.5,0,0.2,-8.8,-2.4,-0.9,-0.6,0.5,0.32,0.32,0
974,2018-01-14 4:00,81.2,94.1,78.4,4.7,13.1,12.9,8.3,-8.8,-7.8,-7.8,0,0.1,-9.2,-2.7,-1,-0.6,0.4,0.37,0.37,0
974,2018-01-14 5:00,80.1,91.3,78.8,4.5,13.1,12.9,8.3,-10.3,-8.9,-8.1,0,0.4,-9.3,-3.1,-1.2,-0.6,0.5,0.41,0.41,0
974,2018-01-14 6:00,80.4,91.1,76.9,4.4,13.1,12.9,8.3,-9.7,-9,-8.5,0,0.2,-9.4,-3.3,-1.4,-0.7,0.4,0.41,0.41,0
974,2018-01-14 7:00,81.3,93.6,79.7,4.2,13,12.9,8.3,-8.8,-8.2,-8.1,0,0.1,-9.8,-3.6,-1.6,-0.6,0.5,0.41,0.41,0
974,2018-01-14 8:00,81.1,92.9,79.8,4.1,13,12.9,8.3,-8.8,-8.2,-8,0.4,0.6,-9.1,-3.8,-1.8,-0.7,0.4,0.41,0.41,0
974,2018-01-14 9:00,82.2,91.7,81.2,4,12.9,12.9,8.3,-6.9,-6.7,-6.7,0.5,0.7,-5.8,-3.4,-1.8,-0.8,0.4,0.53,0.59,0.06
974,2018-01-14 10:00,78.4,87.8,81,4,12.9,12.9,8.3,-4.7,-4.6,-4.6,0.2,0.2,-1.9,-2.8,-1.8,-0.8,0.5,0.83,1.02,0.19
974,2018-01-14 11:00,70.1,77.1,71.5,4.1,12.8,12.9,8.3,-2.1,-2.3,-2,0.1,0,-0.3,-2.2,-1.6,-0.7,0.4,1.35,1.72,0.37
974,2018-01-14 12:00,50.3,59.6,57.6,4.2,12.8,12.9,8.3,2.7,2.4,1.2,0.8,0.9,6.8,-1.4,-1.5,-0.7,0.5,2.77,3.54,0.77
974,2018-01-14 13:00,39.4,48.5,46.2,4.3,12.8,12.9,8.3,5.4,4.4,4.1,1,1,10.8,-1.1,-1.1,-0.8,0.4,4.49,5.73,1.24
974,2018-01-14 14:00,37.2,47.1,44,4.5,12.8,12.9,8.3,7,6.1,5.9,1.6,1.6,11.8,-0.7,-1.2,-0.7,0.4,6.18,7.87,1.69
974,2018-01-14 15:00,38.1,47.3,43.7,4.6,12.7,12.9,8.3,7.9,7.2,6.9,2,2,9.8,-0.4,-1.1,-0.7,0.5,7.48,9.53,2.05
974,2018-01-14 16:00,42.9,52.1,47.7,4.8,12.7,12.9,8.3,7.8,7.4,7.3,3.2,3.5,6.5,-0.3,-0.9,-0.7,0.4,8.55,10.89,2.34
974,2018-01-14 17:00,47.7,56.5,51,5,12.7,12.9,8.3,6.8,6.8,6.8,2.8,3,1.4,-0.7,-0.9,-0.9,0.4,9.11,11.59,2.48
974,2018-01-14 18:00,59.2,66.8,53.9,5.1,12.7,12.8,8.3,2.1,3.8,5.1,0.4,0.5,-1.9,-0.5,-1,-0.6,0.3,9.26,11.8,2.54
974,2018-01-14 19:00,73.2,81.6,61.6,5.2,12.7,12.8,8.3,-1.1,-0.2,1.5,0.2,0.2,-2.7,-0.5,-0.8,-0.5,0.5,9.36,11.93,2.57
974,2018-01-14 20:00,75,84.3,70.9,5.3,12.6,12.8,8.3,-0.6,-0.2,0.1,0.5,0.6,-1.7,-0.7,-1,-0.6,0.3,9.43,12,2.57
974,2018-01-14 21:00,79.7,88.6,72.6,5.3,12.6,12.8,8.3,-1.5,-1.1,-0.7,0.6,0.6,-1.8,-0.6,-0.9,-0.7,0.5,9.51,12.08,2.57
974,2018-01-14 22:00,81.4,91.5,75,5.4,12.6,12.8,8.3,-2.1,-1.3,-1,0.5,0.7,-2.5,-0.7,-0.9,-0.7,0.6,9.57,12.14,2.57
974,2018-01-14 23:00,80.2,89.2,74.1,5.5,12.6,12.8,8.3,-3.7,-2.2,-1.1,0.5,0.6,-3.7,-0.7,-0.8,-0.6,0.4,9.64,12.21,2.57
974,2018-01-15 0:00,83,92.5,76.9,5.6,12.6,12.8,8.3,-2.6,-2.1,-1.8,0.9,1,-3,-0.6,-0.8,-0.6,0.4,9.71,12.28,2.57
974,2018-01-15 1:00,83.9,94.3,80,5.6,12.6,12.8,8.3,-2.9,-2.4,-2.2,0.3,0.4,-2.7,-0.6,-0.8,-0.6,0.4,0.05,0.05,0
974,2018-01-15 2:00,81.4,91.3,79,5.7,12.6,12.8,8.3,-1.4,-1.3,-1.2,0.6,0.6,-1.4,-0.6,-0.8,-0.6,0.5,0.05,0.05,0
974,2018-01-15 3:00,78.8,89.5,78.8,5.8,12.6,12.8,8.3,-1.4,-0.9,-0.5,0.9,0.9,-1.8,-0.6,-0.8,-0.6,0.5,0.07,0.07,0
974,2018-01-15 4:00,82.8,91.8,78.4,5.8,12.6,12.8,8.3,-0.9,-0.7,-0.3,0.3,0.4,-1.6,-0.6,-0.7,-0.5,0.5,0.11,0.11,0
974,2018-01-15 5:00,80.3,89.5,77.4,5.8,12.7,12.8,8.3,-1,-0.6,-0.3,0.2,0.3,-2,-0.6,-0.7,-0.4,0.5,0.13,0.13,0
974,2018-01-15 6:00,84.2,94.2,76.4,5.9,12.7,12.8,8.3,-3.7,-2.4,-1.5,0.6,0.6,-4.1,-0.7,-0.7,-0.6,0.4,0.23,0.23,0
974,2018-01-15 7:00,85.6,96.5,88.4,5.9,12.7,12.8,8.3,-2.4,-2.1,-2,0.7,0.8,-2.9,-0.7,-0.8,-0.6,0.4,0.28,0.28,0
974,2018-01-15 8:00,84.8,95.5,92.1,5.9,12.7,12.8,8.3,-3.4,-2.9,-2.5,0.9,1,-4.2,-0.7,-0.8,-0.6,0.5,0.38,0.38,0
974,2018-01-15 9:00,79.8,88.7,94.5,5.9,12.7,12.8,8.3,-0.1,0.1,-0.3,0,0.3,-1.6,-0.8,-0.6,-0.5,0.5,0.82,0.9,0.08
974,2018-01-15 10:00,66.3,74.6,78.8,6,12.7,12.8,8.3,3.6,3.7,3.2,0.3,0.4,2.9,-0.7,-0.6,-0.5,0.4,1.71,2.01,0.3
974,2018-01-15 11:00,56.6,65.4,65.9,6,12.8,12.8,8.3,7.2,6.6,6.3,0.3,0.4,8.6,-0.6,-0.7,-0.5,0.5,2.99,3.64,0.65
974,2018-01-15 12:00,46.6,55.1,52.2,6.1,12.8,12.8,8.3,11.1,10.4,10,0.5,0.6,13.5,-0.5,-0.6,-0.5,0.5,4.57,5.64,1.07
974,2018-01-15 13:00,40.2,48.8,45.5,6.3,12.8,12.8,8.3,12.5,11.8,11.4,1,1.2,17.1,0.1,-0.7,-0.6,0.5,6.27,7.79,1.52
974,2018-01-15 14:00,35.2,43.4,40.2,6.7,12.8,12.8,8.3,13.6,12.7,12.4,1.7,1.8,17.4,0.7,-0.7,-0.5,0.4,7.97,9.93,1.96
974,2018-01-15 15:00,31.6,39.1,36.2,7.1,12.8,12.8,8.3,13.8,13.1,13.1,2.1,2.2,15.1,1.5,-0.6,-0.6,0.5,9.43,11.78,2.35
974,2018-01-15 16:00,28.3,35.2,32.3,7.6,12.9,12.8,8.3,14.7,13.9,13.8,0.6,0.7,10.7,1.8,-0.7,-0.5,0.5,10.5,13.14,2.64
974,2018-01-15 17:00,30.6,36,29.7,8.1,12.9,12.8,8.3,11.5,11.9,12.5,1.1,1.5,4.5,1.5,-0.6,-0.4,0.4,11.06,13.89,2.83
974,2018-01-15 18:00,48.1,51.9,36.6,8.5,12.9,12.8,8.3,5.1,6.5,9.3,0.6,0.9,-0.5,0.4,-0.6,-0.4,0.4,11.2,14.11,2.91
974,2018-01-15 19:00,60.7,69.4,50.7,8.8,12.9,12.8,8.2,0.7,2.5,4.6,0.4,0.6,-3.2,-0.5,-0.6,-0.6,0.4,11.29,14.25,2.96
974,2018-01-15 20:00,73.2,81.2,61.6,8.9,12.9,12.8,8.2,-1.4,-0.1,1.8,0.4,0.2,-2.5,-0.6,-0.6,-0.5,0.5,11.4,14.37,2.97
974,2018-01-15 21:00,77.5,85.5,67.4,8.9,12.9,12.8,8.2,-1.3,-0.4,0.3,0.2,0.4,-2.9,-0.6,-0.6,-0.5,0.5,11.5,14.47,2.97
974,2018-01-15 22:00,80.7,88.6,73.1,9,12.9,12.8,8.2,-1.8,-1,-0.2,0,0.4,-2.9,-0.5,-0.6,-0.5,0.5,11.58,14.55,2.97
974,2018-01-15 23:00,79.6,87.4,74.5,9.1,12.9,12.8,8.2,-2.6,-1.5,-0.6,0.5,0.8,-3.5,-0.6,-0.6,-0.4,0.5,11.67,14.64,2.97
974,2018-01-16 0:00,81.1,90.7,76.7,9.2,12.9,12.8,8.2,-3.3,-2.2,-1.4,0.2,0.4,-4,-0.6,-0.6,-0.4,0.5,11.76,14.73,2.97
974,2018-01-16 1:00,82.7,91.3,78.4,9.3,12.9,12.8,8.3,-3.4,-2.5,-2.1,0.2,0.2,-3.9,-0.6,-0.6,-0.4,0.5,0.08,0.08,0
974,2018-01-16 2:00,81.4,91.3,80.1,9.3,13,12.8,8.2,-3.7,-2.7,-1.9,0.4,0.5,-4.1,-0.6,-0.7,-0.5,0.5,0.15,0.15,0
974,2018-01-16 3:00,81.6,90.1,81,9.4,13,12.7,8.2,-2.3,-2.1,-1.9,0.9,0.9,-2.7,-0.6,-0.6,-0.5,0.5,0.2,0.2,0
974,2018-01-16 4:00,79.9,89.2,80.1,9.4,13,12.7,8.2,-1.4,-1.2,-1.2,0.5,0.4,-1.7,-0.5,-0.5,-0.4,0.5,0.21,0.21,0
974,2018-01-16 5:00,75.3,84.1,76.9,9.4,13,12.7,8.2,-0.1,-0.1,-0.1,0.6,0.6,-0.9,-0.5,-0.6,-0.5,0.5,0.21,0.21,0
974,2018-01-16 6:00,75.1,82.8,71.2,9.5,13,12.7,8.2,-0.4,0.1,0.5,0.9,1,-1.8,-0.6,-0.6,-0.4,0.5,0.22,0.22,0
974,2018-01-16 7:00,76,83.8,74.8,9.6,13.1,12.7,8.2,0.1,0.3,0.4,0,0.2,-1.3,-0.4,-0.6,-0.2,0.6,0.24,0.24,0
974,2018-01-16 8:00,76.8,84.5,71.2,9.6,13.1,12.7,8.2,0.1,0.3,0.5,0.7,0.8,-1,-0.6,-0.6,-0.3,0.6,0.25,0.25,0
974,2018-01-16 9:00,75.2,84.4,76.9,9.7,13.1,12.7,8.2,1.5,1.5,1.4,0.4,0.4,-0.1,-0.5,-0.5,-0.4,0.6,0.28,0.28,0
974,2018-01-16 10:00,78.4,88.4,75.1,9.8,13.1,12.7,8.2,2.5,2.4,2.9,0.7,0.7,1.5,-0.5,-0.6,-0.5,0.4,0.4,0.41,0.01
974,2018-01-16 11:00,80.5,91.1,80,9.8,13.1,12.7,8.2,2.8,2.7,2.9,0.8,0.8,2,-0.6,-0.6,-0.4,0.6,0.57,0.6,0.03
974,2018-01-16 12:00,85,96.2,89.7,9.9,13.1,12.7,8.2,3.1,3,2.9,0.3,0.3,1.8,-0.5,-0.7,-0.3,0.5,0.71,0.74,0.03
974,2018-01-16 13:00,86.8,97,99.1,10.2,13.1,12.7,8.2,4.3,4.2,4.1,0.2,0.4,2.7,-0.6,-0.6,-0.4,0.6,0.91,0.98,0.07
974,2018-01-16 14:00,89.5,98,99.2,11,13.2,12.7,8.2,4.9,4.9,4.9,0.6,0.8,2.8,-0.4,-0.6,-0.4,0.5,1.09,1.18,0.09
974,2018-01-16 15:00,90.8,98.3,99.2,13.8,13.2,12.7,8.2,5.5,5.3,5.5,0.5,0.6,3.2,-0.4,-0.6,-0.3,0.5,1.25,1.35,0.1
974,2018-01-16 16:00,91.7,98.6,99.2,16.6,13.3,12.7,8.2,5.7,5.7,5.7,0.7,0.8,3.2,-0.3,-0.6,-0.4,0.5,1.39,1.49,0.1
974,2018-01-16 17:00,92.4,98.8,99.3,18.5,13.4,12.7,8.2,5.7,5.8,6.1,0.4,0.4,2.9,0.3,-0.6,-0.3,0.6,1.44,1.54,0.1
974,2018-01-16 18:00,93.2,98.9,99.1,19.3,13.9,12.7,8.2,5.8,6,6.3,1.2,1.6,2.6,0.2,-0.6,-0.3,0.6,1.44,1.54,0.1
974,2018-01-16 19:00,93.8,98.7,99.2,19.4,14.8,12.8,8.2,6.2,6.4,6.6,0.4,0.5,2.2,0.3,-0.6,-0.3,0.5,1.44,1.54,0.1
974,2018-01-16 20:00,83.4,89.3,88.1,19.5,15.6,12.8,8.2,6,6.2,6.5,1.2,1.4,2.7,0.5,-0.6,-0.2,0.6,1.44,1.54,0.1
974,2018-01-16 21:00,86.3,93.6,89.4,19.6,16.5,12.8,8.2,5.2,5.5,5.8,1.2,1.5,2.3,0.6,-0.7,-0.3,0.4,1.44,1.54,0.1
974,2018-01-16 22:00,87.2,94.3,92.7,20.1,17.9,12.8,8.2,4.4,4.6,4.7,1.4,1.7,2.1,0.6,-0.5,-0.3,0.6,1.44,1.54,0.1
974,2018-01-16 23:00,89.6,96.1,96.2,20.5,20.2,12.8,8.2,4,4.2,4.3,1,1.2,1.8,0.8,-0.6,-0.3,0.6,1.44,1.54,0.1
974,2018-01-17 0:00,91.7,95.8,94.4,20.1,21.6,12.8,8.2,4,4.2,4.3,1.2,1.5,1.5,0.7,-0.6,-0.3,0.6,1.44,1.54,0.1
974,2018-01-17 1:00,88.7,94.5,93,19.8,22.1,12.9,8.2,3.8,4.1,4.3,0.5,0.7,1.3,0.7,-0.4,-0.3,0.5,0,0,0
974,2018-01-17 2:00,87.7,93.8,91.8,19.5,22.3,13.1,8.2,3.8,4.1,4.3,0.9,1,1.3,0.6,-0.3,-0.3,0.6,0,0,0
974,2018-01-17 3:00,86.5,93.7,90.7,19.4,22.4,13.4,8.2,3.7,4.1,4.3,0.5,0.6,1.2,0.7,-0.1,-0.2,0.6,0,0,0
974,2018-01-17 4:00,92.4,96.4,93.9,19.1,22.4,13.9,8.2,3.8,4,4,1.1,1.2,1.3,0.8,0,-0.2,0.5,0,0,0
974,2018-01-17 5:00,90.4,95.8,97.7,19.4,22.5,14.3,8.2,3.9,4,4.2,0.2,0.3,1.3,0.9,0.1,-0.2,0.5,0,0,0
974,2018-01-17 6:00,95.6,97.4,99.2,19.6,22.8,14.9,8.3,3.8,4,4.1,0,0,1.2,1,0.2,-0.1,0.6,0,0,0
974,2018-01-17 7:00,99.9,98.8,99.3,19.6,23,15.8,8.3,3.6,3.9,4,0,0,1,1,0.4,0,0.6,0,0,0
974,2018-01-17 8:00,99.9,98.9,99.1,19.6,23.3,16.8,8.3,3.6,3.9,4,0,0.4,1.1,1,0.4,0.1,0.5,0,0,0
974,2018-01-17 9:00,99.9,98.9,99.3,19.6,23.3,17.8,8.3,4.2,4.2,4.3,0,0,1.8,1.1,0.4,0,0.6,0.07,0.07,0
974,2018-01-17 10:00,99.9,98.9,99.3,19.5,23.3,18.6,8.3,4.7,4.6,4.7,0.2,0.3,2.9,1.3,0.6,0.2,0.6,0.18,0.18,0
974,2018-01-17 11:00,99.9,96.5,99.3,19.5,23.4,19.4,8.3,5.1,5,4.9,0.8,1,4,1.9,0.8,0.3,0.7,0.4,0.43,0.03
974,2018-01-17 12:00,91.2,93.2,95.8,19.4,23.4,20,8.3,5.8,5.7,5.7,0.9,1.1,6.4,2.7,1.1,0.6,0.7,0.79,0.9,0.11
974,2018-01-17 13:00,80.9,85.6,88.2,19.3,23.3,20.4,8.3,7.1,6.8,6.5,1.9,2.3,9,3.5,1.5,0.8,0.7,1.36,1.61,0.25
974,2018-01-17 14:00,73.9,79.8,75.5,19.1,23.3,20.7,8.4,8.1,7.8,7.7,1.8,2.1,10.4,4.6,2.2,1.2,0.9,2.17,2.61,0.44
974,2018-01-17 15:00,61.3,66.1,61.7,19,23.1,20.9,8.5,9.5,9.1,9,2.7,3.2,12.2,5.5,2.9,1.5,1,3.33,4.05,0.72
974,2018-01-17 16:00,60.1,66.6,60.6,18.9,23.1,21,8.6,9.7,9.3,9.3,2.3,2.7,9.8,6.4,3.5,2.1,1.2,4.52,5.52,1
974,2018-01-17 17:00,64.6,72.2,61.3,18.8,23.1,21,8.8,8.9,8.8,9.4,1.4,1.6,6.1,6.2,4.2,2.4,1.3,5.16,6.3,1.14
974,2018-01-17 18:00,77.5,84.2,76.5,18.6,23,21,9,5.9,6.3,6.9,1.8,2.4,3,5.3,4.2,2.7,1.7,5.36,6.51,1.15
974,2018-01-17 19:00,87.1,95,86.9,18.5,22.9,21,9.2,2.5,3.3,4.1,0.8,1.1,0.6,3.9,3.8,3,1.7,5.49,6.65,1.16
974,2018-01-17 20:00,99.9,97.1,89.3,18.4,22.9,21,9.4,0.1,1.3,2.6,0.1,0.1,-0.6,3,3.4,3,1.9,5.6,6.76,1.16
974,2018-01-17 21:00,99.9,98.3,96.7,18.4,22.8,21,9.6,-0.3,0.6,1.7,0.4,0.3,-0.4,2.3,3,2.8,2,5.67,6.83,1.16
974,2018-01-17 22:00,99.9,98.9,99.1,18.3,22.8,21,9.8,0.1,0.6,0.8,0,0.4,-0.6,1.6,2.5,2.7,2.2,5.7,6.86,1.16
974,2018-01-17 23:00,99.9,98.9,99.2,18.1,22.6,20.9,10,0.9,1.1,1.3,0,0.1,-0.5,1.6,2.2,2.4,2.2,5.7,6.86,1.16
974,2018-01-18 0:00,99.9,98.9,99.1,18,22.5,20.9,10.2,0.9,1.1,1.2,0.2,0.2,-0.4,1.5,2.1,2.2,2.2,5.7,6.86,1.16
974,2018-01-18 1:00,99.9,98.9,99.3,18,22.5,20.9,10.4,1.2,1.2,1.2,0.6,0.7,0.4,1.5,1.9,2.1,2.2,0,0,0
974,2018-01-18 2:00,99.9,98.9,99,17.9,22.5,20.9,10.6,0.5,0.8,1.1,0.1,0,-0.6,1.3,1.9,2,2.2,0,0,0
974,2018-01-18 3:00,99.9,98.9,99.1,17.9,22.4,20.9,10.7,0.3,0.5,0.7,0.6,0.6,-0.5,1.2,1.7,1.9,2.2,0,0,0
974,2018-01-18 4:00,99.9,98.9,99,17.8,22.4,20.8,10.9,0.3,0.4,0.3,0.1,0.1,-0.2,1.1,1.6,1.8,2.1,0,0,0
974,2018-01-18 5:00,99.9,98.9,98.9,17.8,22.3,20.8,11,-0.3,-0.2,0,0.7,0.8,-0.6,1.1,1.5,1.8,2.1,0,0,0
974,2018-01-18 6:00,99.9,98.9,99,17.6,22.3,20.8,11.1,-0.2,-0.2,-0.2,0.6,0.4,-0.1,0.9,1.4,1.7,2,0,0,0
974,2018-01-18 7:00,99.9,98.9,98.9,17.6,22.3,20.8,11.2,-0.3,-0.2,-0.2,0.2,0.2,0,1,1.4,1.6,2.1,0,0,0
974,2018-01-18 8:00,99.9,98.9,99.1,17.5,22.1,20.8,11.3,-0.5,-0.5,-0.4,0.3,0.3,0,1,1.2,1.6,2,0,0,0
974,2018-01-18 9:00,99.9,98.9,99.3,17.5,22.1,20.6,11.4,-0.2,-0.3,-0.3,0.6,0.6,1.9,1.1,1.3,1.7,2.1,0.16,0.19,0.03
974,2018-01-18 10:00,99.9,98.9,99.3,17.5,22.1,20.6,11.5,0.8,0.7,0.6,0.4,0.3,4.7,1.7,1.4,1.7,1.9,0.56,0.7,0.14
974,2018-01-18 11:00,99.9,98.9,99.4,17.5,22.1,20.6,11.6,3.4,3,2.7,0.8,0.8,9.4,2.7,1.8,1.7,2.1,1.37,1.7,0.33
974,2018-01-18 12:00,99.9,96.7,99.6,17.5,22,20.6,11.6,6.9,6.4,5.7,0.8,0.9,13.8,4.5,2.3,1.8,2.1,2.76,3.45,0.69
974,2018-01-18 13:00,61.2,70.4,65.4,17.5,22,20.6,11.7,9.5,8.6,8.7,1.4,1.5,14.9,6.2,3.1,2.1,2,4.29,5.37,1.08
974,2018-01-18 14:00,47.4,55.6,51.1,17.5,22,20.6,11.8,10.7,9.9,9.8,1,1.1,15.6,7.7,4.1,2.8,2.2,5.81,7.26,1.45
974,2018-01-18 15:00,47.9,54.4,49.4,17.4,22,20.6,11.8,11.2,10.6,10.6,1.4,1.5,13.9,8.5,5,3.4,2.3,7.1,8.88,1.78
974,2018-01-18 16:00,49.7,56.2,49.3,17.4,22,20.6,11.9,10.5,10.2,10.2,1.6,1.6,10.4,8.5,5.6,3.9,2.5,7.97,9.96,1.99
974,2018-01-18 17:00,41.6,45.5,39.4,17.4,22,20.6,11.9,9.1,9.4,9.7,1.2,1.5,6.5,7.6,5.9,4.4,2.8,8.4,10.48,2.08
974,2018-01-18 18:00,50.1,55.8,43.3,17.3,22,20.5,11.9,5.6,6.4,7.5,0.4,0.8,3,6.5,5.9,4.6,2.9,8.59,10.69,2.1
974,2018-01-18 19:00,66.9,71.1,47.4,17.3,21.9,20.5,12,2.3,3.4,5.3,0.5,0.7,0.9,5.1,5.4,4.6,3.1,8.71,10.84,2.13
974,2018-01-18 20:00,76.4,82.8,66.2,17.1,21.9,20.5,12,-0.2,1.3,2.1,0.1,0.2,-0.4,4,4.8,4.5,3.4,8.84,10.97,2.13
974,2018-01-18 21:00,82.1,88.7,74.5,17.1,21.8,20.5,12.1,-1.3,0,1,0.2,0.2,-0.5,3,4.3,4.3,3.5,8.96,11.09,2.13
974,2018-01-18 22:00,85.4,93.9,83,17,21.8,20.5,12.1,-0.9,0.2,0.6,0,0.5,-0.6,2.3,3.6,3.9,3.4,9.08,11.21,2.13
974,2018-01-18 23:00,88.1,93.9,84.4,17,21.8,20.4,12.1,-0.9,-0.4,0,0.5,0.6,-1,1.9,3.2,3.7,3.3,9.19,11.32,2.13
974,2018-01-19 0:00,99.9,96.2,87.5,16.9,21.6,20.4,12.1,-2,-1.4,-1,0,0,-1.3,1.4,2.8,3.3,3.4,9.29,11.42,2.13
974,2018-01-19 1:00,99.9,96.8,90.2,16.8,21.6,20.4,12.1,-3.2,-2.3,-1.4,0,0,-1.6,1.2,2.4,3.1,3.3,0.08,0.08,0
974,2018-01-19 2:00,99.9,97.2,91.6,16.8,21.6,20.4,12.2,-3.5,-2.6,-1.7,0,0,-2.1,0.9,2.3,2.9,3.3,0.13,0.13,0
974,2018-01-19 3:00,99.9,97.8,92,16.6,21.5,20.3,12.2,-4.3,-3,-1.8,0,0.8,-2.5,0.7,1.9,2.7,3.1,0.13,0.13,0
974,2018-01-19 4:00,99.9,97.1,93.2,16.5,21.5,20.3,12.2,-4.2,-3.2,-2.6,0,0,-2.8,0.6,1.8,2.5,3.2,0.13,0.13,0
974,2018-01-19 5:00,99.9,98.3,94.1,16.5,21.4,20.3,12.2,-4.4,-3.5,-2.9,0,0.2,-3,0.5,1.6,2.3,3.1,0.13,0.13,0
974,2018-01-19 6:00,99.9,98.3,97.4,16.4,21.4,20.3,12.2,-3.6,-3.2,-3,0.1,0.3,-2.8,0.3,1.4,2.1,3,0.13,0.13,0
974,2018-01-19 7:00,99.9,97.7,96.6,16.3,21.3,20.1,12.2,-5.1,-4.4,-4,0.3,0.6,-3.1,0.3,1.3,2,3,0.13,0.13,0
974,2018-01-19 8:00,96.9,97,98.8,16.1,21.3,20.1,12.3,-4.8,-4.6,-4.6,0.4,0.4,-2.6,0.2,1.1,1.9,2.9,0.13,0.13,0
974,2018-01-19 9:00,99.9,98.3,98.9,16.1,21.3,20.1,12.3,-3,-3,-3.3,0,0.1,-1.3,0.2,1.1,1.7,2.8,0.29,0.36,0.07
974,2018-01-19 10:00,99.9,98.9,98.8,16,21.1,20,12.3,-0.5,-0.7,-0.1,0.5,0.6,-0.5,0.3,1,1.6,2.7,0.93,1.21,0.28
974,2018-01-19 11:00,58.7,62.2,61.1,16,21.1,20,12.3,4,3.5,3.6,1.1,1.2,3.9,0.6,1,1.7,2.7,2.3,2.9,0.6
974,2018-01-19 12:00,40.5,45.4,40.4,16.3,21,20,12.3,7,6.1,6.1,1.3,1.4,8.8,1,1,1.5,2.5,3.9,4.89,0.99
974,2018-01-19 13:00,29.3,34.9,32.9,16.4,21,20,12.3,9.1,8.5,8.2,0.4,0.5,13.8,2.8,1.2,1.5,2.5,5.67,7.1,1.43
974,2018-01-19 14:00,27.1,29.7,26.4,16.5,21.1,19.9,12.2,9.2,8.5,8.6,1.2,1.3,14.9,5.3,2.3,1.7,2.4,7.47,9.36,1.89
974,2018-01-19 15:00,23.2,27.8,25.1,16.6,21.1,20,12.2,10.6,9.7,9.5,1.2,1.3,14.5,6.8,3.4,2.3,2.4,9.05,11.35,2.3
974,2018-01-19 16:00,24.5,29.1,24.7,16.6,21.1,20,12.2,10.1,9.7,9.6,1.1,1.2,9.8,7.2,4.3,2.9,2.5,10.05,12.61,2.56
974,2018-01-19 17:00,28.8,32.4,27,16.5,21.3,20,12.2,8.9,8.9,9,2.1,2.1,5.7,6.6,4.8,3.4,2.7,10.54,13.21,2.67
974,2018-01-19 18:00,50.3,54.6,37.1,16.5,21.3,20,12.2,3.7,4.5,6.6,0.1,0.6,2.3,5.6,4.7,3.7,2.8,10.71,13.4,2.69
974,2018-01-19 19:00,68.6,75.2,56,16.5,21.3,20,12.2,0.8,1.9,3.4,0.9,1,-0.4,4.2,4.5,3.8,2.9,10.83,13.54,2.71
974,2018-01-19 20:00,61.6,68.2,55.5,16.4,21.1,20,12.2,0.6,1.4,2.2,1.3,1.5,-0.5,3,4,3.8,3.2,10.98,13.69,2.71
974,2018-01-19 21:00,67.4,67.8,56.3,16.4,21.1,20,12.3,-1.8,0,1.2,0.6,0.6,-0.9,2.2,3.6,3.6,3.3,11.13,13.84,2.71
974,2018-01-19 22:00,69,70.4,57.5,16.3,21.1,20,12.3,-3.1,-1.1,0.3,0.4,0.4,-1.7,1.6,3.1,3.4,3.3,11.27,13.98,2.71
974,2018-01-19 23:00,73.2,77.6,60.6,16.3,21.1,19.9,12.3,-3.8,-2.6,-1,0.1,0.3,-2.3,1.2,2.7,3.2,3.3,11.41,14.12,2.71
974,2018-01-20 0:00,74.7,80.9,59.7,16.1,21,19.9,12.3,-5.2,-3.8,-2.2,0.5,0.7,-3.1,0.9,2.4,2.9,3.1,11.55,14.26,2.71
974,2018-01-20 1:00,74,79.2,61.9,16,21,19.9,12.3,-5.9,-4.6,-3.4,0.5,0.4,-3.9,0.6,2,2.6,3.1,0.13,0.13,0
974,2018-01-20 2:00,80.5,88.3,72,15.9,21,19.9,12.3,-5.8,-4.6,-4,0.4,0.7,-4.5,0.4,1.8,2.5,3.1,0.27,0.27,0
974,2018-01-20 3:00,79.5,86.2,70.7,15.9,20.9,19.9,12.3,-6.1,-5.3,-4.9,0.4,0.4,-5.1,0.2,1.5,2.2,3,0.4,0.4,0
974,2018-01-20 4:00,81.3,85.6,71.6,15.8,20.9,19.8,12.3,-6.5,-5.8,-5.6,0.4,0.5,-5.7,0.1,1.3,2.1,3,0.53,0.53,0
974,2018-01-20 5:00,82.2,91.7,76.3,15.6,20.8,19.8,12.3,-7.5,-6.8,-5.8,0.4,0.7,-6,0,1.2,1.9,2.9,0.65,0.65,0
974,2018-01-20 6:00,83.6,95.2,81.4,15.5,20.8,19.8,12.3,-8.5,-7.2,-6.2,0.1,0.1,-6.2,-0.1,1,1.8,2.8,0.76,0.76,0
974,2018-01-20 7:00,80.8,90.6,77.3,15.4,20.6,19.8,12.3,-7.9,-7.2,-6.5,0.2,0.3,-6.6,-0.1,0.9,1.7,2.7,0.84,0.84,0
974,2018-01-20 8:00,81.1,91.1,78.6,15.3,20.6,19.8,12.3,-8.1,-7.3,-7,0,0.1,-6.3,-0.3,0.8,1.5,2.6,0.91,0.91,0
974,2018-01-20 9:00,79.1,87.3,83.3,15.2,20.5,19.6,12.2,-4.3,-4.1,-4.1,0,0.1,-2.8,-0.2,0.7,1.5,2.7,1.23,1.34,0.11
974,2018-01-20 10:00,61.3,66.8,66.3,15.1,20.5,19.6,12.2,-0.5,-0.8,-0.7,0.4,0.5,-0.7,-0.2,0.7,1.3,2.5,2.03,2.36,0.33
974,2018-01-20 11:00,42,46,51.1,15.1,20.5,19.6,12.2,3.9,3.4,3.1,0.4,0.5,3.3,0,0.7,1.2,2.5,3.4,4.05,0.65
974,2018-01-20 12:00,36.9,41.6,35.4,15.1,20.4,19.6,12.2,6.7,6,5.9,1.9,2.1,7.6,0.1,0.7,1.3,2.4,4.98,6.05,1.07
974,2018-01-20 13:00,32.8,39,34,15.2,20.4,19.5,12.2,8.2,7.6,7.2,2.1,2.3,9.4,0.3,0.6,1.2,2.3,6.66,8.16,1.5
974,2018-01-20 14:00,26.6,31.7,28.8,15.4,20.4,19.5,12.2,9.4,8.8,8.5,1.4,1.6,9.5,0.8,0.7,1.1,2.3,8.31,10.24,1.93
974,2018-01-20 15:00,24,29.6,26.7,15.6,20.4,19.5,12.2,10.1,9.5,9.2,1.1,1.2,9.9,2.6,1.2,1.2,2.3,9.66,11.95,2.29
974,2018-01-20 16:00,30.3,34.6,29.7,15.8,20.4,19.5,12.2,8.9,8.7,8.7,1.8,2.1,6.4,4.1,2.1,1.6,2.2,10.62,13.16,2.54
974,2018-01-20 17:00,34.4,40.2,33,15.8,20.4,19.5,12.1,7.3,7.6,7.7,0.8,1,2.8,4,2.6,1.9,2.2,11.09,13.74,2.65
974,2018-01-20 18:00,47.1,50.5,38.8,15.9,20.5,19.4,12.1,3.6,4.9,5.8,0.6,0.8,-0.1,3.2,2.8,2.2,2.5,11.21,13.92,2.71
974,2018-01-20 19:00,63.4,68,51.2,15.8,20.5,19.5,12.1,0.7,1.6,2.7,0,0.5,-0.6,2.1,2.5,2.4,2.4,11.31,14.04,2.73
974,2018-01-20 20:00,75.4,83.4,63.8,15.8,20.5,19.5,12.1,-1.5,-0.3,0.7,0,0.4,-0.9,1.3,2.2,2.4,2.5,11.43,14.16,2.73
974,2018-01-20 21:00,81.1,89,68,15.8,20.5,19.5,12.1,-3.3,-2,-0.6,0.1,0.2,-1.4,0.9,1.9,2.2,2.6,11.55,14.28,2.73
974,2018-01-20 22:00,84.3,91.7,71.7,15.7,20.5,19.5,12.1,-3.2,-2.1,-1.3,0,0.2,-1.9,0.7,1.7,2.1,2.6,11.66,14.39,2.73
974,2018-01-20 23:00,85.9,91.5,73.3,15.6,20.5,19.5,12.1,-3.7,-2.7,-1.8,0,0.5,-2.5,0.4,1.5,1.9,2.5,11.76,14.49,2.73
974,2018-01-21 0:00,86.3,94.3,77.3,15.6,20.5,19.5,12.1,-4.3,-3.4,-2.6,0,0.3,-3,0.3,1.3,1.7,2.4,11.85,14.58,2.73
974,2018-01-21 1:00,86.3,93.3,80.6,15.5,20.5,19.5,12.1,-3.6,-3.1,-2.7,0.2,0.5,-3.5,0.1,1.2,1.7,2.5,0.1,0.1,0
974,2018-01-21 2:00,85,93.2,85.5,15.4,20.4,19.5,12.1,-3.5,-3.1,-2.8,1.6,2,-3.5,0.1,1,1.6,2.4,0.2,0.2,0
974,2018-01-21 3:00,84.2,92.5,85.8,15.4,20.4,19.4,12.1,-3.4,-3,-2.7,1.3,1.8,-3.9,0,1,1.5,2.4,0.33,0.33,0
974,2018-01-21 4:00,85,94.5,88.5,15.3,20.4,19.4,12.1,-4.8,-4.1,-3.6,0.7,0.9,-4.5,-0.1,0.8,1.4,2.3,0.45,0.45,0
974,2018-01-21 5:00,84.6,93.5,89.4,15.2,20.4,19.4,12.1,-5,-4.3,-3.7,0.8,1,-4.4,-0.1,0.8,1.4,2.3,0.57,0.57,0
974,2018-01-21 6:00,85.2,93.9,92.5,15.1,20.3,19.4,12.1,-4.4,-4,-3.8,1.2,1.6,-4.7,-0.1,0.7,1.3,2.3,0.7,0.7,0
974,2018-01-21 7:00,85.5,94.5,90,15,20.3,19.4,12.1,-5.4,-4.8,-4.2,0.8,1.1,-5.4,-0.3,0.7,1.3,2.2,0.83,0.83,0
974,2018-01-21 8:00,86.2,94.6,92.7,14.9,20.3,19.4,12.1,-5.1,-4.7,-4.5,1.3,1.6,-5,-0.4,0.5,1.1,2.2,0.96,0.96,0
974,2018-01-21 9:00,87.1,95.3,93.6,14.9,20.1,19.3,12.1,-3.4,-3.5,-3.5,0.6,0.8,-2.8,-0.2,0.5,1,2.1,1.25,1.32,0.07
974,2018-01-21 10:00,75.5,83.2,81.3,14.9,20.1,19.3,12.1,-0.2,-0.6,-0.6,0.7,0.8,-0.6,-0.1,0.6,1.1,2.2,1.95,2.24,0.29
974,2018-01-21 11:00,56.3,63.1,60.3,14.8,20.1,19.3,12.1,4.5,4,4.4,0.3,0.4,3.6,0,0.6,1,2.1,3.23,3.84,0.61
974,2018-01-21 12:00,36.3,42.7,39.7,14.8,20,19.3,12.1,7.4,6.5,6.7,0.6,0.6,8.7,0.2,0.5,0.9,2,4.84,5.87,1.03
974,2018-01-21 13:00,23.4,27.8,26.1,14.9,20,19.3,12.1,8.7,8,8.1,1,1.1,9.1,0.4,0.5,1,2,6.31,7.72,1.41
974,2018-01-21 14:00,23,26.3,23.1,15.1,20,19.1,12.1,9.3,8.7,8.5,2,2.2,9.7,1.2,0.7,1,2,7.73,9.5,1.77
974,2018-01-21 15:00,23.7,26.3,21.8,15.3,20,19.1,12.1,8.9,8.4,8.4,2.4,2.6,8.4,3.2,1.3,1.1,2,8.92,11.01,2.09
974,2018-01-21 16:00,19.8,23.6,20.2,15.4,20,19.1,12.1,8.4,8.2,8,1.8,2.2,5.2,4,2.2,1.5,2,9.75,12.04,2.29
974,2018-01-21 17:00,22.4,24.3,18.5,15.4,20,19.1,12,6.7,7.3,7.7,0.8,1.1,3.1,3.8,2.6,1.9,2,10.13,12.51,2.38
974,2018-01-21 18:00,41.9,43.8,29.8,15.5,20,19.1,12,2.9,4.4,5.7,1,1.2,0.4,3.3,2.6,2.1,2.2,10.26,12.67,2.41
974,2018-01-21 19:00,61.3,59.9,42.6,15.5,20.1,19.1,12,1.1,2.4,3.3,0.4,0.5,-0.8,2.4,2.6,2.4,2.3,10.35,12.76,2.41
974,2018-01-21 20:00,62.1,66.9,50.3,15.5,20.1,19.1,12,0.2,1.2,2.1,0,0.4,-1.8,1.8,2.4,2.3,2.3,10.44,12.85,2.41
974,2018-01-21 21:00,69.4,74.5,56.3,15.4,20.1,19.1,12,-0.1,0.6,1.2,0,0.2,-1.6,1.2,2.1,2.2,2.4,10.5,12.91,2.41
974,2018-01-21 22:00,67.9,73.7,58.8,15.4,20.1,19.1,12,0.2,0.7,1.1,0,0.2,-0.7,1,1.7,2.1,2.4,10.55,12.96,2.41
974,2018-01-21 23:00,71.6,76,58.6,15.4,20.1,19.1,12,-0.8,0,0.9,0,0.3,-0.7,0.8,1.7,2,2.5,10.6,13.01,2.41
974,2018-01-22 0:00,72.4,73.6,59.8,15.4,20.1,19.1,12,-0.8,-0.2,0.2,0,0,-0.7,0.6,1.4,1.8,2.4,10.65,13.06,2.41
974,2018-01-22 1:00,68.2,75.4,61.3,15.4,20.1,19.1,12,-0.4,0.1,0.5,0,0.4,-0.8,0.6,1.3,1.7,2.4,0.02,0.02,0
974,2018-01-22 2:00,70.4,76.1,63.1,15.4,20.1,19.1,12,0.1,0.5,0.6,0,0.4,-0.7,0.6,1.2,1.6,2.4,0.02,0.02,0
974,2018-01-22 3:00,67.8,73.9,63.7,15.3,20.1,19.1,12,0.2,0.5,0.6,0,0.4,-0.8,0.5,1.1,1.5,2.4,0.02,0.02,0
974,2018-01-22 4:00,69.1,76.8,64.6,15.3,20.1,19.1,12,0.2,0.5,0.7,0.3,1,-0.7,0.4,1.1,1.5,2.4,0.02,0.02,0
974,2018-01-22 5:00,67.2,75.6,64.8,15.3,20.1,19.1,12,0.6,0.8,1,1.5,1.8,-0.6,0.4,1,1.5,2.3,0.02,0.02,0
974,2018-01-22 6:00,68.1,73.9,62.7,15.3,20.1,19.1,12,0.6,1,1.2,0,0.5,-0.6,0.4,1,1.5,2.2,0.02,0.02,0
974,2018-01-22 7:00,65.7,73,61.3,15.3,20,19.1,11.9,0.8,1.3,1.4,0.9,1.1,-0.7,0.5,0.9,1.4,2.1,0.03,0.03,0
974,2018-01-22 8:00,57.1,63,58.6,15.3,20,19.1,11.9,2.9,3.2,3,0.9,1.2,-0.7,0.3,0.9,1.3,2.2,0.06,0.06,0
974,2018-01-22 9:00,53.1,60.8,53.6,15.3,20,19.1,11.9,4.2,4.3,4.3,0.6,0.7,-0.8,0.7,1,1.3,2.2,0.23,0.26,0.03
974,2018-01-22 10:00,51.3,58.7,51.5,15.3,20,19.1,11.9,4.4,4.3,4.3,1.2,1.4,1.1,1.2,1.2,1.3,2.1,0.51,0.61,0.1
974,2018-01-22 11:00,49.8,58.7,51.4,15.3,20,19.1,11.9,5.4,5.2,4.9,1.1,1.3,3.3,1.8,1.4,1.4,2.1,0.81,0.98,0.17
974,2018-01-22 12:00,50,57.8,50.9,15.3,20,19.1,11.9,5.4,5.1,5.3,1.3,1.5,6.8,2.7,1.5,1.4,2.1,1.35,1.67,0.32
974,2018-01-22 13:00,49.1,57.8,50.8,15.3,20,19.1,11.9,6.4,5.9,5.8,1.6,1.7,8.8,3.6,2.1,1.7,2.1,2.07,2.57,0.5
974,2018-01-22 14:00,47.8,54.5,48.4,15.3,20,19.1,11.9,7.8,7,7.1,1.7,1.8,12.2,4.9,2.7,2,2.2,3.18,3.98,0.8
974,2018-01-22 15:00,42.6,50.9,45.4,15.4,20,19.1,11.9,9.2,8.5,8.2,1.9,2,12.3,6.4,3.4,2.6,2.3,4.58,5.75,1.17
974,2018-01-22 16:00,41.5,48.7,43.6,15.4,20,19.1,11.9,8.7,8.4,8.4,2.8,2.9,8.7,6.8,4.2,3,2.3,5.6,7.04,1.44
974,2018-01-22 17:00,43,49,43.6,15.4,20,19.1,11.9,7.9,8,8.2,2.6,2.8,4.9,6.2,4.6,3.4,2.4,6.12,7.69,1.57
974,2018-01-22 18:00,48.2,54.8,47.9,15.4,20,19.1,11.9,6.3,6.7,6.9,2,2.1,2,5.2,4.6,3.6,2.7,6.33,7.91,1.58
974,2018-01-22 19:00,61.3,66.5,54.5,15.3,20,19.1,11.9,3.6,4.7,5.6,1,1.2,0.3,4,4.2,3.6,2.8,6.47,8.07,1.6
974,2018-01-22 20:00,61.2,67.7,58,15.3,20,19.1,11.9,3.9,4.6,4.9,1.5,1.7,-0.1,3.2,3.9,3.7,3,6.59,8.2,1.61
974,2018-01-22 21:00,58.6,65.8,57.3,15.3,20,19.1,11.9,5,5.7,6.1,2.2,2.7,0.8,2.9,3.5,3.5,3.1,6.68,8.29,1.61
974,2018-01-22 22:00,58.6,66.3,57.8,15.3,20,19,11.9,4.8,5.2,5.6,2,2.4,-0.2,2.8,3.2,3.4,3.1,6.83,8.44,1.61
974,2018-01-22 23:00,69.3,77.9,67.7,15.3,20,19,11.9,3,3.7,4.3,1.6,1.9,-0.5,2.3,3,3.2,3.1,6.95,8.56,1.61
974,2018-01-23 0:00,53.6,60.3,53.1,15.2,20,19,11.9,3.6,3.9,4,5.4,6,-0.6,1.9,2.7,3.1,3.1,7.07,8.68,1.61
974,2018-01-23 1:00,46.7,53.6,47.3,15.2,20,19,11.9,2.7,3,3.1,5.1,5.6,-1.8,1.5,2.5,2.9,3.2,0.16,0.16,0
974,2018-01-23 2:00,50.7,57.8,49.7,15.1,19.9,19,11.9,0.9,1.5,1.8,2.9,3.3,-0.9,1.3,2.2,2.7,3.1,0.33,0.33,0
974,2018-01-23 3:00,45.3,52,44.8,15.1,19.9,19,11.9,0.2,0.7,0.8,3.4,4,-1.6,0.9,2,2.5,3.2,0.5,0.5,0
974,2018-01-23 4:00,45.1,51.1,43.6,15.1,19.9,19,11.9,-0.9,-0.2,0.1,2.6,3.1,-2.3,0.7,1.8,2.3,3,0.67,0.67,0
974,2018-01-23 5:00,38.5,43.5,36.3,15.1,19.9,19,11.9,-1.2,-0.6,-0.3,2.7,3,-2.9,0.5,1.6,2.2,2.9,0.83,0.83,0
974,2018-01-23 6:00,35.8,41.6,33.7,15,19.9,19,11.9,-2.1,-1.6,-1.2,2.1,2.4,-3.7,0.4,1.5,2.1,2.9,1,1,0
974,2018-01-23 7:00,40.8,47.8,41,14.9,19.9,19,11.9,-2.3,-2,-1.9,4.7,5.6,-3.9,0.3,1.4,2,2.8,1.17,1.17,0
974,2018-01-23 8:00,40.7,47.6,40.8,14.9,19.9,19,11.9,-3.3,-3,-3,4.4,5.1,-4.3,0.1,1.3,1.8,2.7,1.35,1.35,0
974,2018-01-23 9:00,37.3,44.4,38.4,14.8,19.8,19,11.9,-3.4,-3.4,-3.4,5.6,6.4,-2.5,0.1,1,1.8,2.7,1.79,1.89,0.1
974,2018-01-23 10:00,28.6,34.8,29.8,14.8,19.8,18.9,11.9,-2.6,-2.8,-2.9,4,4.5,-0.7,0.1,1.1,1.6,2.7,2.72,3.07,0.35
974,2018-01-23 11:00,25.8,32.1,27.4,14.8,19.8,18.9,11.9,-1.8,-2.2,-2.6,4.2,4.7,1,0.2,0.9,1.6,2.6,4.1,4.83,0.73
974,2018-01-23 12:00,25.2,31.4,26.3,14.7,19.7,18.9,11.9,-0.9,-1.5,-1.9,3.6,4.1,3.8,0.6,0.9,1.4,2.6,5.8,7,1.2
974,2018-01-23 13:00,19.9,25,20.7,14.7,19.6,18.9,11.9,-1.3,-1.8,-2.1,5.6,6.4,4.4,0.8,0.9,1.4,2.5,7.68,9.39,1.71
974,2018-01-23 14:00,19.9,24.8,20.1,14.7,19.6,18.9,11.9,-1.3,-1.9,-2.2,5.3,5.7,5.9,1.2,1,1.4,2.4,9.57,11.79,2.22
974,2018-01-23 15:00,20,25.8,21.5,14.8,19.6,18.9,11.9,-1.4,-1.8,-2,4.8,5.3,4.8,1.7,1.1,1.4,2.3,11.2,13.89,2.69
974,2018-01-23 16:00,20,25.8,21.8,14.8,19.6,18.9,11.9,-1.9,-2.2,-2.2,4.2,4.6,1.8,2,1.5,1.5,2.4,12.44,15.49,3.05
974,2018-01-23 17:00,22.6,28.4,23.2,14.8,19.6,18.8,11.9,-3.2,-3.1,-3.1,4.2,4.6,-1.4,1.5,1.5,1.7,2.3,13.16,16.41,3.25
974,2018-01-23 18:00,25.5,31.2,24.6,14.8,19.6,18.8,11.9,-4.5,-4.1,-3.9,3.5,4,-3,0.8,1.4,1.7,2.3,13.44,16.72,3.28
974,2018-01-23 19:00,29.2,35.4,29,14.7,19.5,18.8,11.9,-5.1,-4.7,-4.4,4.2,4.9,-4.3,0.4,1.2,1.6,2.3,13.62,16.9,3.28
974,2018-01-23 20:00,31.5,38,31,14.6,19.5,18.8,11.9,-5.7,-5.2,-5.2,3.2,3.8,-5.2,0.2,1.3,1.5,2.3,13.8,17.08,3.28
974,2018-01-23 21:00,30.3,37,30.6,14.6,19.5,18.8,11.9,-5.6,-5.2,-5.1,4.1,4.6,-5.4,-0.1,1,1.4,2.4,13.97,17.25,3.28
974,2018-01-23 22:00,32,38.9,32.3,14.5,19.5,18.8,11.9,-5.7,-5.3,-5.3,3.5,4.2,-5.1,-0.1,0.8,1.4,2.3,14.1,17.38,3.28
974,2018-01-23 23:00,35,42,33.9,14.4,19.5,18.8,11.9,-6.4,-5.9,-5.5,2.3,2.8,-5.9,-0.2,0.7,1.3,2.2,14.23,17.51,3.28
974,2018-01-24 0:00,35.4,42.7,36.2,14.4,19.4,18.8,11.8,-6.5,-6.1,-6,4.2,4.9,-6.4,-0.4,0.6,1.2,2.2,14.38,17.66,3.28
974,2018-01-24 1:00,39.3,47.3,39.7,14.3,19.4,18.8,11.8,-7.2,-6.8,-6.6,3.7,4.4,-7,-0.4,0.4,1.1,2.1,0.16,0.16,0
974,2018-01-24 2:00,40.7,48.6,41.2,14.2,19.4,18.6,11.8,-7.4,-7,-6.9,3.3,3.9,-7.4,-0.4,0.5,1.1,2.2,0.33,0.33,0
974,2018-01-24 3:00,46.1,54.6,44.8,14.1,19.4,18.6,11.8,-8.4,-7.9,-7.5,2.3,2.8,-7.9,-0.5,0.4,1,2.1,0.49,0.49,0
974,2018-01-24 4:00,47.5,56.2,47.8,13.9,19.3,18.6,11.8,-8.7,-8.2,-8.1,3.2,3.8,-8.2,-0.6,0.4,0.9,1.9,0.66,0.66,0
974,2018-01-24 5:00,44.3,51.9,44.3,13.8,19.3,18.6,11.8,-8.8,-8.4,-8.3,2.5,2.9,-8.7,-0.8,0.2,0.8,2,0.82,0.82,0
974,2018-01-24 6:00,40.1,46.9,38.5,13.6,19.1,18.6,11.8,-9.4,-8.9,-8.7,3.3,3.8,-9.1,-0.7,0.1,0.8,2,0.99,0.99,0
974,2018-01-24 7:00,32.6,37.9,30.2,13.4,19.1,18.6,11.8,-10.3,,-9.6,3.5,4.2,-9.7,-1.1,0.1,0.6,1.8,1.16,1.16,0
974,2018-01-24 8:00,28.4,33.3,26.4,13.3,19.1,18.5,11.8,-10.7,-10.3,-10,2,2.3,-10,-1.3,0.2,0.7,1.9,1.34,1.34,0
974,2018-01-24 9:00,24.8,30.3,25.6,13,19,18.5,11.8,-8.7,-9,-9.3,1.7,1.9,-6,-1.3,0.1,0.7,1.9,1.86,1.98,0.12
974,2018-01-24 10:00,23.3,29.8,25.2,12.9,19,18.5,11.8,-7.1,-7.7,-8.3,1.8,2,-0.8,-0.9,0.1,0.7,1.8,2.88,3.28,0.4
974,2018-01-24 11:00,22.9,29.4,24.6,12.8,19,18.5,11.8,-6.2,-6.7,-7.1,3.3,4,1,-0.8,-0.1,0.6,1.8,4.35,5.16,0.81
974,2018-01-24 12:00,22.8,29.1,24.4,12.7,18.9,18.5,11.8,-4.8,-5.3,-5.7,4.5,5.2,3.3,-0.6,0,0.5,1.7,6.13,7.43,1.3
974,2018-01-24 13:00,21.2,27.2,22.6,12.7,18.9,18.5,11.8,-3.5,-3.8,-4.1,6,6.9,3.7,-0.7,0,0.5,1.7,8.04,9.86,1.82
974,2018-01-24 14:00,,,,,,,,,,,,,,,,,,,,
